🚀 Starting Spring MVC Application with Tomcat 10.1.44
=====================================================
[0;34m🚀 Building project with Maven...[0m
WARNING: A restricted method in java.lang.System has been called
WARNING: java.lang.System::load has been called by org.fusesource.jansi.internal.JansiLoader in an unnamed module (file:/Applications/IntelliJ%20IDEA.app/Contents/plugins/maven/lib/maven3/lib/jansi-2.4.1.jar)
WARNING: Use --enable-native-access=ALL-UNNAMED to avoid a warning for callers in this module
WARNING: Restricted methods will be blocked in a future release unless native access is enabled

WARNING: A terminally deprecated method in sun.misc.Unsafe has been called
WARNING: sun.misc.Unsafe::objectFieldOffset has been called by com.google.common.util.concurrent.AbstractFuture$UnsafeAtomicHelper (file:/Applications/IntelliJ%20IDEA.app/Contents/plugins/maven/lib/maven3/lib/guava-33.2.1-jre.jar)
WARNING: Please consider reporting this to the maintainers of class com.google.common.util.concurrent.AbstractFuture$UnsafeAtomicHelper
WARNING: sun.misc.Unsafe::objectFieldOffset will be removed in a future release
21:09:09.268 [main] DEBUG org.jboss.logging -- Logging Provider: org.jboss.logging.Slf4jLoggerProvider
21:09:09.270 [main] INFO org.hibernate.validator.internal.util.Version -- HV000001: Hibernate Validator 8.0.1.Final
21:09:09.276 [main] DEBUG org.hibernate.validator.internal.xml.config.ValidationXmlParser -- Trying to load META-INF/validation.xml for XML based Validator configuration.
21:09:09.276 [main] DEBUG org.hibernate.validator.internal.xml.config.ResourceLoaderHelper -- Trying to load META-INF/validation.xml via TCCL
21:09:09.276 [main] DEBUG org.hibernate.validator.internal.xml.config.ResourceLoaderHelper -- Trying to load META-INF/validation.xml via Hibernate Validator's class loader
21:09:09.276 [main] DEBUG org.hibernate.validator.internal.xml.config.ValidationXmlParser -- No META-INF/validation.xml found. Using annotation based configuration only.
21:09:09.279 [main] DEBUG org.hibernate.validator.internal.engine.resolver.TraversableResolvers -- Found jakarta.persistence.Persistence on classpath containing 'getPersistenceUtil'. Assuming JPA 2 environment. Trying to instantiate JPA aware TraversableResolver
21:09:09.279 [main] DEBUG org.hibernate.validator.internal.engine.resolver.TraversableResolvers -- Instantiated JPA aware TraversableResolver of type org.hibernate.validator.internal.engine.resolver.JPATraversableResolver.
21:09:09.291 [main] DEBUG org.hibernate.validator.messageinterpolation.ResourceBundleMessageInterpolator -- Loaded expression factory via original TCCL
21:09:09.334 [main] DEBUG org.hibernate.validator.internal.engine.ValidatorFactoryConfigurationHelper -- HV000252: Using org.hibernate.validator.internal.engine.DefaultPropertyNodeNameProvider as property node name provider.
21:09:09.336 [main] DEBUG org.hibernate.validator.internal.engine.ValidatorFactoryConfigurationHelper -- HV000234: Using org.hibernate.validator.messageinterpolation.ResourceBundleMessageInterpolator as ValidatorFactory-scoped message interpolator.
21:09:09.336 [main] DEBUG org.hibernate.validator.internal.engine.ValidatorFactoryConfigurationHelper -- HV000234: Using org.hibernate.validator.internal.engine.resolver.JPATraversableResolver as ValidatorFactory-scoped traversable resolver.
21:09:09.336 [main] DEBUG org.hibernate.validator.internal.engine.ValidatorFactoryConfigurationHelper -- HV000234: Using org.hibernate.validator.internal.util.ExecutableParameterNameProvider as ValidatorFactory-scoped parameter name provider.
21:09:09.336 [main] DEBUG org.hibernate.validator.internal.engine.ValidatorFactoryConfigurationHelper -- HV000234: Using org.hibernate.validator.internal.engine.DefaultClockProvider as ValidatorFactory-scoped clock provider.
21:09:09.336 [main] DEBUG org.hibernate.validator.internal.engine.ValidatorFactoryConfigurationHelper -- HV000234: Using org.hibernate.validator.internal.engine.scripting.DefaultScriptEvaluatorFactory as ValidatorFactory-scoped script evaluator factory.
Violation: email - Email should be valid

=== Test 1: Testing User Registration ===
21:09:10.141 [main] DEBUG org.apache.http.impl.conn.BasicClientConnectionManager -- Get connection for route {}->http://localhost:8080
21:09:10.151 [main] DEBUG org.apache.http.impl.conn.DefaultClientConnectionOperator -- Connecting to localhost:8080
21:09:10.158 [main] DEBUG org.apache.http.impl.conn.DefaultClientConnectionOperator -- Connect to localhost:8080 timed out. Connection will be retried using another IP address
21:09:10.158 [main] DEBUG org.apache.http.impl.conn.DefaultClientConnectionOperator -- Connecting to localhost:8080
21:09:10.159 [main] DEBUG org.apache.http.impl.conn.DefaultClientConnection -- Connection org.apache.http.impl.conn.DefaultClientConnection@3a7b2e2 closed
21:09:10.159 [main] DEBUG org.apache.http.impl.conn.DefaultClientConnection -- Connection org.apache.http.impl.conn.DefaultClientConnection@3a7b2e2 shut down
21:09:10.159 [main] DEBUG org.apache.http.impl.conn.BasicClientConnectionManager -- Releasing connection org.apache.http.impl.conn.ManagedClientConnectionImpl@337a6d30

=== Test 2: Testing User Login ===
21:09:10.170 [main] DEBUG org.apache.http.impl.conn.BasicClientConnectionManager -- Get connection for route {}->http://localhost:8080
21:09:10.170 [main] DEBUG org.apache.http.impl.conn.DefaultClientConnectionOperator -- Connecting to localhost:8080
21:09:10.170 [main] DEBUG org.apache.http.impl.conn.DefaultClientConnectionOperator -- Connect to localhost:8080 timed out. Connection will be retried using another IP address
21:09:10.170 [main] DEBUG org.apache.http.impl.conn.DefaultClientConnectionOperator -- Connecting to localhost:8080
21:09:10.170 [main] DEBUG org.apache.http.impl.conn.DefaultClientConnection -- Connection org.apache.http.impl.conn.DefaultClientConnection@5042e3d0 closed
21:09:10.170 [main] DEBUG org.apache.http.impl.conn.DefaultClientConnection -- Connection org.apache.http.impl.conn.DefaultClientConnection@5042e3d0 shut down
21:09:10.170 [main] DEBUG org.apache.http.impl.conn.BasicClientConnectionManager -- Releasing connection org.apache.http.impl.conn.ManagedClientConnectionImpl@1c34365c

=== Test 3: Testing Login with Invalid Credentials ===
21:09:10.177 [main] DEBUG org.apache.http.impl.conn.BasicClientConnectionManager -- Get connection for route {}->http://localhost:8080
21:09:10.177 [main] DEBUG org.apache.http.impl.conn.DefaultClientConnectionOperator -- Connecting to localhost:8080
21:09:10.178 [main] DEBUG org.apache.http.impl.conn.DefaultClientConnectionOperator -- Connect to localhost:8080 timed out. Connection will be retried using another IP address
21:09:10.178 [main] DEBUG org.apache.http.impl.conn.DefaultClientConnectionOperator -- Connecting to localhost:8080
21:09:10.178 [main] DEBUG org.apache.http.impl.conn.DefaultClientConnection -- Connection org.apache.http.impl.conn.DefaultClientConnection@3b0c3951 closed
21:09:10.178 [main] DEBUG org.apache.http.impl.conn.DefaultClientConnection -- Connection org.apache.http.impl.conn.DefaultClientConnection@3b0c3951 shut down
21:09:10.178 [main] DEBUG org.apache.http.impl.conn.BasicClientConnectionManager -- Releasing connection org.apache.http.impl.conn.ManagedClientConnectionImpl@60f77af

=== Test 4: Testing Access to Protected Endpoint Without Token ===
21:09:10.185 [main] DEBUG org.apache.http.impl.conn.BasicClientConnectionManager -- Get connection for route {}->http://localhost:8080
21:09:10.185 [main] DEBUG org.apache.http.impl.conn.DefaultClientConnectionOperator -- Connecting to localhost:8080
21:09:10.185 [main] DEBUG org.apache.http.impl.conn.DefaultClientConnectionOperator -- Connect to localhost:8080 timed out. Connection will be retried using another IP address
21:09:10.185 [main] DEBUG org.apache.http.impl.conn.DefaultClientConnectionOperator -- Connecting to localhost:8080
21:09:10.185 [main] DEBUG org.apache.http.impl.conn.DefaultClientConnection -- Connection org.apache.http.impl.conn.DefaultClientConnection@3fde8f7c closed
21:09:10.185 [main] DEBUG org.apache.http.impl.conn.DefaultClientConnection -- Connection org.apache.http.impl.conn.DefaultClientConnection@3fde8f7c shut down
21:09:10.185 [main] DEBUG org.apache.http.impl.conn.BasicClientConnectionManager -- Releasing connection org.apache.http.impl.conn.ManagedClientConnectionImpl@11d86b9d

=== Test 5: Testing Access to Protected Endpoint With Token ===
⚠️  No JWT token available from login test. Skipping this test.
Note: Run Test 2 (login) first to obtain a token.
=== Test 5: SKIPPED ===


================================================================================
AUTHENTICATION TEST SUITE COMPLETED
================================================================================

Test Summary:
- Test 1: User Registration
- Test 2: User Login (JWT Token Generation)
- Test 3: Invalid Login Rejection
- Test 4: Protected Endpoint Without Token
- Test 5: Protected Endpoint With Token

Note: Ensure the application is running on http://localhost:8080
================================================================================

[ERROR] Tests run: 5, Failures: 0, Errors: 4, Skipped: 0, Time elapsed: 0.751 s <<< FAILURE! -- in com.example.api.AuthenticationApiTest
[ERROR] com.example.api.AuthenticationApiTest.testUserRegistration -- Time elapsed: 0.540 s <<< ERROR!
java.net.ConnectException: Connection refused
	at java.base/sun.nio.ch.Net.connect0(Native Method)
	at java.base/sun.nio.ch.Net.connect(Net.java:535)
	at java.base/sun.nio.ch.Net.connect(Net.java:524)
	at java.base/sun.nio.ch.NioSocketImpl.connect(NioSocketImpl.java:574)
	at java.base/java.net.SocksSocketImpl.connect(SocksSocketImpl.java:282)
	at java.base/java.net.Socket.connect(Socket.java:665)
	at org.apache.http.conn.scheme.PlainSocketFactory.connectSocket(PlainSocketFactory.java:121)
	at org.apache.http.impl.conn.DefaultClientConnectionOperator.openConnection(DefaultClientConnectionOperator.java:180)
	at org.apache.http.impl.conn.ManagedClientConnectionImpl.open(ManagedClientConnectionImpl.java:326)
	at org.apache.http.impl.client.DefaultRequestDirector.tryConnect(DefaultRequestDirector.java:605)
	at org.apache.http.impl.client.DefaultRequestDirector.execute(DefaultRequestDirector.java:440)
	at org.apache.http.impl.client.AbstractHttpClient.doExecute(AbstractHttpClient.java:835)
	at org.apache.http.impl.client.CloseableHttpClient.execute(CloseableHttpClient.java:83)
	at io.restassured.internal.RestAssuredHttpBuilder.doRequest(RestAssuredHttpBuilder.java:141)
	at io.restassured.internal.http.HTTPBuilder.post(HTTPBuilder.java:349)
	at io.restassured.internal.http.HTTPBuilder$post$2.call(Unknown Source)
	at org.codehaus.groovy.runtime.callsite.CallSiteArray.defaultCall(CallSiteArray.java:45)
	at org.codehaus.groovy.runtime.callsite.AbstractCallSite.call(AbstractCallSite.java:125)
	at org.codehaus.groovy.runtime.callsite.AbstractCallSite.call(AbstractCallSite.java:148)
	at io.restassured.internal.RequestSpecificationImpl.sendRequest(RequestSpecificationImpl.groovy:1209)
	at io.restassured.internal.RequestSpecificationImpl.this$2$sendRequest(RequestSpecificationImpl.groovy)
	at java.base/jdk.internal.reflect.DirectMethodHandleAccessor.invoke(DirectMethodHandleAccessor.java:104)
	at java.base/java.lang.reflect.Method.invoke(Method.java:565)
	at org.codehaus.groovy.reflection.CachedMethod.invoke(CachedMethod.java:343)
	at groovy.lang.MetaMethod.doMethodInvoke(MetaMethod.java:328)
	at groovy.lang.MetaClassImpl.doInvokeMethod(MetaClassImpl.java:1333)
	at groovy.lang.MetaClassImpl.invokeMethod(MetaClassImpl.java:1088)
	at groovy.lang.MetaClassImpl.invokeMethod(MetaClassImpl.java:1007)
	at groovy.lang.MetaClassImpl.invokeMethod(MetaClassImpl.java:790)
	at io.restassured.internal.RequestSpecificationImpl.invokeMethod(RequestSpecificationImpl.groovy)
	at org.codehaus.groovy.runtime.callsite.PogoInterceptableSite.call(PogoInterceptableSite.java:46)
	at org.codehaus.groovy.runtime.callsite.CallSiteArray.defaultCall(CallSiteArray.java:45)
	at org.codehaus.groovy.runtime.callsite.AbstractCallSite.call(AbstractCallSite.java:125)
	at org.codehaus.groovy.runtime.callsite.AbstractCallSite.call(AbstractCallSite.java:166)
	at io.restassured.internal.filter.SendRequestFilter.filter(SendRequestFilter.groovy:30)
	at io.restassured.filter.Filter$filter.call(Unknown Source)
	at org.codehaus.groovy.runtime.callsite.CallSiteArray.defaultCall(CallSiteArray.java:45)
	at io.restassured.filter.Filter$filter$0.call(Unknown Source)
	at io.restassured.internal.filter.FilterContextImpl.next(FilterContextImpl.groovy:72)
	at io.restassured.filter.time.TimingFilter.filter(TimingFilter.java:56)
	at io.restassured.filter.Filter$filter$0.call(Unknown Source)
	at org.codehaus.groovy.runtime.callsite.CallSiteArray.defaultCall(CallSiteArray.java:45)
	at io.restassured.filter.Filter$filter.call(Unknown Source)
	at io.restassured.internal.filter.FilterContextImpl.next(FilterContextImpl.groovy:72)
	at io.restassured.filter.FilterContext$next.call(Unknown Source)
	at org.codehaus.groovy.runtime.callsite.CallSiteArray.defaultCall(CallSiteArray.java:45)
	at org.codehaus.groovy.runtime.callsite.AbstractCallSite.call(AbstractCallSite.java:125)
	at org.codehaus.groovy.runtime.callsite.AbstractCallSite.call(AbstractCallSite.java:148)
	at io.restassured.internal.filter.CsrfFilter.filter(CsrfFilter.groovy:70)
	at io.restassured.filter.Filter$filter.call(Unknown Source)
	at org.codehaus.groovy.runtime.callsite.CallSiteArray.defaultCall(CallSiteArray.java:45)
	at org.codehaus.groovy.runtime.callsite.AbstractCallSite.call(AbstractCallSite.java:125)
	at org.codehaus.groovy.runtime.callsite.AbstractCallSite.call(AbstractCallSite.java:157)
	at io.restassured.internal.filter.FilterContextImpl.next(FilterContextImpl.groovy:72)
	at io.restassured.filter.FilterContext$next.call(Unknown Source)
	at org.codehaus.groovy.runtime.callsite.CallSiteArray.defaultCall(CallSiteArray.java:45)
	at org.codehaus.groovy.runtime.callsite.AbstractCallSite.call(AbstractCallSite.java:125)
	at org.codehaus.groovy.runtime.callsite.AbstractCallSite.call(AbstractCallSite.java:148)
	at io.restassured.internal.RequestSpecificationImpl.applyPathParamsAndSendRequest(RequestSpecificationImpl.groovy:1704)
	at io.restassured.internal.RequestSpecificationImpl.this$2$applyPathParamsAndSendRequest(RequestSpecificationImpl.groovy)
	at java.base/jdk.internal.reflect.DirectMethodHandleAccessor.invoke(DirectMethodHandleAccessor.java:104)
	at java.base/java.lang.reflect.Method.invoke(Method.java:565)
	at org.codehaus.groovy.reflection.CachedMethod.invoke(CachedMethod.java:343)
	at groovy.lang.MetaMethod.doMethodInvoke(MetaMethod.java:328)
	at groovy.lang.MetaClassImpl.doInvokeMethod(MetaClassImpl.java:1333)
	at groovy.lang.MetaClassImpl.invokeMethod(MetaClassImpl.java:1088)
	at groovy.lang.MetaClassImpl.invokeMethod(MetaClassImpl.java:1007)
	at groovy.lang.MetaClassImpl.invokeMethod(MetaClassImpl.java:790)
	at io.restassured.internal.RequestSpecificationImpl.invokeMethod(RequestSpecificationImpl.groovy)
	at org.codehaus.groovy.runtime.callsite.PogoInterceptableSite.call(PogoInterceptableSite.java:46)
	at org.codehaus.groovy.runtime.callsite.PogoInterceptableSite.callCurrent(PogoInterceptableSite.java:57)
	at org.codehaus.groovy.runtime.callsite.CallSiteArray.defaultCallCurrent(CallSiteArray.java:49)
	at org.codehaus.groovy.runtime.callsite.AbstractCallSite.callCurrent(AbstractCallSite.java:171)
	at org.codehaus.groovy.runtime.callsite.AbstractCallSite.callCurrent(AbstractCallSite.java:203)
	at io.restassured.internal.RequestSpecificationImpl.applyPathParamsAndSendRequest(RequestSpecificationImpl.groovy:1710)
	at io.restassured.internal.RequestSpecificationImpl.this$2$applyPathParamsAndSendRequest(RequestSpecificationImpl.groovy)
	at java.base/jdk.internal.reflect.DirectMethodHandleAccessor.invoke(DirectMethodHandleAccessor.java:104)
	at java.base/java.lang.reflect.Method.invoke(Method.java:565)
	at org.codehaus.groovy.reflection.CachedMethod.invoke(CachedMethod.java:343)
	at groovy.lang.MetaMethod.doMethodInvoke(MetaMethod.java:328)
	at groovy.lang.MetaClassImpl.doInvokeMethod(MetaClassImpl.java:1333)
	at groovy.lang.MetaClassImpl.invokeMethod(MetaClassImpl.java:1088)
	at groovy.lang.MetaClassImpl.invokeMethod(MetaClassImpl.java:1007)
	at groovy.lang.MetaClassImpl.invokeMethod(MetaClassImpl.java:790)
	at io.restassured.internal.RequestSpecificationImpl.invokeMethod(RequestSpecificationImpl.groovy)
	at org.codehaus.groovy.runtime.callsite.PogoInterceptableSite.call(PogoInterceptableSite.java:46)
	at org.codehaus.groovy.runtime.callsite.PogoInterceptableSite.callCurrent(PogoInterceptableSite.java:57)
	at org.codehaus.groovy.runtime.callsite.CallSiteArray.defaultCallCurrent(CallSiteArray.java:49)
	at org.codehaus.groovy.runtime.callsite.AbstractCallSite.callCurrent(AbstractCallSite.java:171)
	at org.codehaus.groovy.runtime.callsite.AbstractCallSite.callCurrent(AbstractCallSite.java:203)
	at io.restassured.internal.RequestSpecificationImpl.post(RequestSpecificationImpl.groovy:176)
	at io.restassured.internal.RequestSpecificationImpl.post(RequestSpecificationImpl.groovy)
	at com.example.api.AuthenticationApiTest.testUserRegistration(AuthenticationApiTest.java:56)
	at java.base/java.lang.reflect.Method.invoke(Method.java:565)
	at java.base/java.util.ArrayList.forEach(ArrayList.java:1604)
	at java.base/java.util.ArrayList.forEach(ArrayList.java:1604)

[ERROR] com.example.api.AuthenticationApiTest.testUserLogin -- Time elapsed: 0.008 s <<< ERROR!
java.net.ConnectException: Connection refused
	at java.base/sun.nio.ch.Net.connect0(Native Method)
	at java.base/sun.nio.ch.Net.connect(Net.java:535)
	at java.base/sun.nio.ch.Net.connect(Net.java:524)
	at java.base/sun.nio.ch.NioSocketImpl.connect(NioSocketImpl.java:574)
	at java.base/java.net.SocksSocketImpl.connect(SocksSocketImpl.java:282)
	at java.base/java.net.Socket.connect(Socket.java:665)
	at org.apache.http.conn.scheme.PlainSocketFactory.connectSocket(PlainSocketFactory.java:121)
	at org.apache.http.impl.conn.DefaultClientConnectionOperator.openConnection(DefaultClientConnectionOperator.java:180)
	at org.apache.http.impl.conn.ManagedClientConnectionImpl.open(ManagedClientConnectionImpl.java:326)
	at org.apache.http.impl.client.DefaultRequestDirector.tryConnect(DefaultRequestDirector.java:605)
	at org.apache.http.impl.client.DefaultRequestDirector.execute(DefaultRequestDirector.java:440)
	at org.apache.http.impl.client.AbstractHttpClient.doExecute(AbstractHttpClient.java:835)
	at org.apache.http.impl.client.CloseableHttpClient.execute(CloseableHttpClient.java:83)
	at io.restassured.internal.RestAssuredHttpBuilder.doRequest(RestAssuredHttpBuilder.java:141)
	at io.restassured.internal.http.HTTPBuilder.post(HTTPBuilder.java:349)
	at io.restassured.internal.http.HTTPBuilder$post$2.call(Unknown Source)
	at io.restassured.internal.RequestSpecificationImpl.sendRequest(RequestSpecificationImpl.groovy:1209)
	at io.restassured.internal.RequestSpecificationImpl.this$2$sendRequest(RequestSpecificationImpl.groovy)
	at java.base/jdk.internal.reflect.DirectMethodHandleAccessor.invoke(DirectMethodHandleAccessor.java:104)
	at java.base/java.lang.reflect.Method.invoke(Method.java:565)
	at org.codehaus.groovy.reflection.CachedMethod.invoke(CachedMethod.java:343)
	at groovy.lang.MetaMethod.doMethodInvoke(MetaMethod.java:328)
	at groovy.lang.MetaClassImpl.doInvokeMethod(MetaClassImpl.java:1333)
	at groovy.lang.MetaClassImpl.invokeMethod(MetaClassImpl.java:1088)
	at groovy.lang.MetaClassImpl.invokeMethod(MetaClassImpl.java:1007)
	at groovy.lang.MetaClassImpl.invokeMethod(MetaClassImpl.java:790)
	at io.restassured.internal.RequestSpecificationImpl.invokeMethod(RequestSpecificationImpl.groovy)
	at org.codehaus.groovy.runtime.callsite.PogoInterceptableSite.call(PogoInterceptableSite.java:46)
	at org.codehaus.groovy.runtime.callsite.AbstractCallSite.call(AbstractCallSite.java:166)
	at io.restassured.internal.filter.SendRequestFilter.filter(SendRequestFilter.groovy:30)
	at io.restassured.filter.Filter$filter.call(Unknown Source)
	at org.codehaus.groovy.runtime.callsite.CallSiteArray.defaultCall(CallSiteArray.java:45)
	at io.restassured.filter.Filter$filter$0.call(Unknown Source)
	at io.restassured.internal.filter.FilterContextImpl.next(FilterContextImpl.groovy:72)
	at io.restassured.filter.time.TimingFilter.filter(TimingFilter.java:56)
	at io.restassured.filter.Filter$filter$0.call(Unknown Source)
	at org.codehaus.groovy.runtime.callsite.CallSiteArray.defaultCall(CallSiteArray.java:45)
	at io.restassured.filter.Filter$filter.call(Unknown Source)
	at io.restassured.internal.filter.FilterContextImpl.next(FilterContextImpl.groovy:72)
	at io.restassured.filter.FilterContext$next.call(Unknown Source)
	at io.restassured.internal.filter.CsrfFilter.filter(CsrfFilter.groovy:70)
	at io.restassured.filter.Filter$filter.call(Unknown Source)
	at org.codehaus.groovy.runtime.callsite.CallSiteArray.defaultCall(CallSiteArray.java:45)
	at io.restassured.filter.Filter$filter.call(Unknown Source)
	at io.restassured.internal.filter.FilterContextImpl.next(FilterContextImpl.groovy:72)
	at io.restassured.filter.FilterContext$next.call(Unknown Source)
	at io.restassured.internal.RequestSpecificationImpl.applyPathParamsAndSendRequest(RequestSpecificationImpl.groovy:1704)
	at io.restassured.internal.RequestSpecificationImpl.this$2$applyPathParamsAndSendRequest(RequestSpecificationImpl.groovy)
	at java.base/jdk.internal.reflect.DirectMethodHandleAccessor.invoke(DirectMethodHandleAccessor.java:104)
	at java.base/java.lang.reflect.Method.invoke(Method.java:565)
	at org.codehaus.groovy.reflection.CachedMethod.invoke(CachedMethod.java:343)
	at groovy.lang.MetaMethod.doMethodInvoke(MetaMethod.java:328)
	at groovy.lang.MetaClassImpl.doInvokeMethod(MetaClassImpl.java:1333)
	at groovy.lang.MetaClassImpl.invokeMethod(MetaClassImpl.java:1088)
	at groovy.lang.MetaClassImpl.invokeMethod(MetaClassImpl.java:1007)
	at groovy.lang.MetaClassImpl.invokeMethod(MetaClassImpl.java:790)
	at io.restassured.internal.RequestSpecificationImpl.invokeMethod(RequestSpecificationImpl.groovy)
	at org.codehaus.groovy.runtime.callsite.PogoInterceptableSite.call(PogoInterceptableSite.java:46)
	at org.codehaus.groovy.runtime.callsite.PogoInterceptableSite.callCurrent(PogoInterceptableSite.java:57)
	at org.codehaus.groovy.runtime.callsite.AbstractCallSite.callCurrent(AbstractCallSite.java:203)
	at io.restassured.internal.RequestSpecificationImpl.applyPathParamsAndSendRequest(RequestSpecificationImpl.groovy:1710)
	at io.restassured.internal.RequestSpecificationImpl.this$2$applyPathParamsAndSendRequest(RequestSpecificationImpl.groovy)
	at java.base/jdk.internal.reflect.DirectMethodHandleAccessor.invoke(DirectMethodHandleAccessor.java:104)
	at java.base/java.lang.reflect.Method.invoke(Method.java:565)
	at org.codehaus.groovy.reflection.CachedMethod.invoke(CachedMethod.java:343)
	at groovy.lang.MetaMethod.doMethodInvoke(MetaMethod.java:328)
	at groovy.lang.MetaClassImpl.doInvokeMethod(MetaClassImpl.java:1333)
	at groovy.lang.MetaClassImpl.invokeMethod(MetaClassImpl.java:1088)
	at groovy.lang.MetaClassImpl.invokeMethod(MetaClassImpl.java:1007)
	at groovy.lang.MetaClassImpl.invokeMethod(MetaClassImpl.java:790)
	at io.restassured.internal.RequestSpecificationImpl.invokeMethod(RequestSpecificationImpl.groovy)
	at org.codehaus.groovy.runtime.callsite.PogoInterceptableSite.call(PogoInterceptableSite.java:46)
	at org.codehaus.groovy.runtime.callsite.PogoInterceptableSite.callCurrent(PogoInterceptableSite.java:57)
	at org.codehaus.groovy.runtime.callsite.AbstractCallSite.callCurrent(AbstractCallSite.java:203)
	at io.restassured.internal.RequestSpecificationImpl.post(RequestSpecificationImpl.groovy:176)
	at io.restassured.internal.RequestSpecificationImpl.post(RequestSpecificationImpl.groovy)
	at com.example.api.AuthenticationApiTest.testUserLogin(AuthenticationApiTest.java:103)
	at java.base/java.lang.reflect.Method.invoke(Method.java:565)
	at java.base/java.util.ArrayList.forEach(ArrayList.java:1604)
	at java.base/java.util.ArrayList.forEach(ArrayList.java:1604)

[ERROR] com.example.api.AuthenticationApiTest.testLoginWithInvalidCredentials -- Time elapsed: 0.007 s <<< ERROR!
java.net.ConnectException: Connection refused
	at java.base/sun.nio.ch.Net.connect0(Native Method)
	at java.base/sun.nio.ch.Net.connect(Net.java:535)
	at java.base/sun.nio.ch.Net.connect(Net.java:524)
	at java.base/sun.nio.ch.NioSocketImpl.connect(NioSocketImpl.java:574)
	at java.base/java.net.SocksSocketImpl.connect(SocksSocketImpl.java:282)
	at java.base/java.net.Socket.connect(Socket.java:665)
	at org.apache.http.conn.scheme.PlainSocketFactory.connectSocket(PlainSocketFactory.java:121)
	at org.apache.http.impl.conn.DefaultClientConnectionOperator.openConnection(DefaultClientConnectionOperator.java:180)
	at org.apache.http.impl.conn.ManagedClientConnectionImpl.open(ManagedClientConnectionImpl.java:326)
	at org.apache.http.impl.client.DefaultRequestDirector.tryConnect(DefaultRequestDirector.java:605)
	at org.apache.http.impl.client.DefaultRequestDirector.execute(DefaultRequestDirector.java:440)
	at org.apache.http.impl.client.AbstractHttpClient.doExecute(AbstractHttpClient.java:835)
	at org.apache.http.impl.client.CloseableHttpClient.execute(CloseableHttpClient.java:83)
	at io.restassured.internal.RestAssuredHttpBuilder.doRequest(RestAssuredHttpBuilder.java:141)
	at io.restassured.internal.http.HTTPBuilder.post(HTTPBuilder.java:349)
	at io.restassured.internal.http.HTTPBuilder$post$2.call(Unknown Source)
	at io.restassured.internal.RequestSpecificationImpl.sendRequest(RequestSpecificationImpl.groovy:1209)
	at io.restassured.internal.RequestSpecificationImpl.this$2$sendRequest(RequestSpecificationImpl.groovy)
	at java.base/jdk.internal.reflect.DirectMethodHandleAccessor.invoke(DirectMethodHandleAccessor.java:104)
	at java.base/java.lang.reflect.Method.invoke(Method.java:565)
	at org.codehaus.groovy.reflection.CachedMethod.invoke(CachedMethod.java:343)
	at groovy.lang.MetaMethod.doMethodInvoke(MetaMethod.java:328)
	at groovy.lang.MetaClassImpl.doInvokeMethod(MetaClassImpl.java:1333)
	at groovy.lang.MetaClassImpl.invokeMethod(MetaClassImpl.java:1088)
	at groovy.lang.MetaClassImpl.invokeMethod(MetaClassImpl.java:1007)
	at groovy.lang.MetaClassImpl.invokeMethod(MetaClassImpl.java:790)
	at io.restassured.internal.RequestSpecificationImpl.invokeMethod(RequestSpecificationImpl.groovy)
	at org.codehaus.groovy.runtime.callsite.PogoInterceptableSite.call(PogoInterceptableSite.java:46)
	at org.codehaus.groovy.runtime.callsite.AbstractCallSite.call(AbstractCallSite.java:166)
	at io.restassured.internal.filter.SendRequestFilter.filter(SendRequestFilter.groovy:30)
	at io.restassured.filter.Filter$filter.call(Unknown Source)
	at org.codehaus.groovy.runtime.callsite.CallSiteArray.defaultCall(CallSiteArray.java:45)
	at io.restassured.filter.Filter$filter$0.call(Unknown Source)
	at io.restassured.internal.filter.FilterContextImpl.next(FilterContextImpl.groovy:72)
	at io.restassured.filter.time.TimingFilter.filter(TimingFilter.java:56)
	at io.restassured.filter.Filter$filter$0.call(Unknown Source)
	at org.codehaus.groovy.runtime.callsite.CallSiteArray.defaultCall(CallSiteArray.java:45)
	at io.restassured.filter.Filter$filter.call(Unknown Source)
	at io.restassured.internal.filter.FilterContextImpl.next(FilterContextImpl.groovy:72)
	at io.restassured.filter.FilterContext$next.call(Unknown Source)
	at io.restassured.internal.filter.CsrfFilter.filter(CsrfFilter.groovy:70)
	at io.restassured.filter.Filter$filter.call(Unknown Source)
	at org.codehaus.groovy.runtime.callsite.CallSiteArray.defaultCall(CallSiteArray.java:45)
	at io.restassured.filter.Filter$filter.call(Unknown Source)
	at io.restassured.internal.filter.FilterContextImpl.next(FilterContextImpl.groovy:72)
	at io.restassured.filter.FilterContext$next.call(Unknown Source)
	at io.restassured.internal.RequestSpecificationImpl.applyPathParamsAndSendRequest(RequestSpecificationImpl.groovy:1704)
	at io.restassured.internal.RequestSpecificationImpl.this$2$applyPathParamsAndSendRequest(RequestSpecificationImpl.groovy)
	at java.base/jdk.internal.reflect.DirectMethodHandleAccessor.invoke(DirectMethodHandleAccessor.java:104)
	at java.base/java.lang.reflect.Method.invoke(Method.java:565)
	at org.codehaus.groovy.reflection.CachedMethod.invoke(CachedMethod.java:343)
	at groovy.lang.MetaMethod.doMethodInvoke(MetaMethod.java:328)
	at groovy.lang.MetaClassImpl.doInvokeMethod(MetaClassImpl.java:1333)
	at groovy.lang.MetaClassImpl.invokeMethod(MetaClassImpl.java:1088)
	at groovy.lang.MetaClassImpl.invokeMethod(MetaClassImpl.java:1007)
	at groovy.lang.MetaClassImpl.invokeMethod(MetaClassImpl.java:790)
	at io.restassured.internal.RequestSpecificationImpl.invokeMethod(RequestSpecificationImpl.groovy)
	at org.codehaus.groovy.runtime.callsite.PogoInterceptableSite.call(PogoInterceptableSite.java:46)
	at org.codehaus.groovy.runtime.callsite.PogoInterceptableSite.callCurrent(PogoInterceptableSite.java:57)
	at org.codehaus.groovy.runtime.callsite.AbstractCallSite.callCurrent(AbstractCallSite.java:203)
	at io.restassured.internal.RequestSpecificationImpl.applyPathParamsAndSendRequest(RequestSpecificationImpl.groovy:1710)
	at io.restassured.internal.RequestSpecificationImpl.this$2$applyPathParamsAndSendRequest(RequestSpecificationImpl.groovy)
	at java.base/jdk.internal.reflect.DirectMethodHandleAccessor.invoke(DirectMethodHandleAccessor.java:104)
	at java.base/java.lang.reflect.Method.invoke(Method.java:565)
	at org.codehaus.groovy.reflection.CachedMethod.invoke(CachedMethod.java:343)
	at groovy.lang.MetaMethod.doMethodInvoke(MetaMethod.java:328)
	at groovy.lang.MetaClassImpl.doInvokeMethod(MetaClassImpl.java:1333)
	at groovy.lang.MetaClassImpl.invokeMethod(MetaClassImpl.java:1088)
	at groovy.lang.MetaClassImpl.invokeMethod(MetaClassImpl.java:1007)
	at groovy.lang.MetaClassImpl.invokeMethod(MetaClassImpl.java:790)
	at io.restassured.internal.RequestSpecificationImpl.invokeMethod(RequestSpecificationImpl.groovy)
	at org.codehaus.groovy.runtime.callsite.PogoInterceptableSite.call(PogoInterceptableSite.java:46)
	at org.codehaus.groovy.runtime.callsite.PogoInterceptableSite.callCurrent(PogoInterceptableSite.java:57)
	at org.codehaus.groovy.runtime.callsite.AbstractCallSite.callCurrent(AbstractCallSite.java:203)
	at io.restassured.internal.RequestSpecificationImpl.post(RequestSpecificationImpl.groovy:176)
	at io.restassured.internal.RequestSpecificationImpl.post(RequestSpecificationImpl.groovy)
	at com.example.api.AuthenticationApiTest.testLoginWithInvalidCredentials(AuthenticationApiTest.java:170)
	at java.base/java.lang.reflect.Method.invoke(Method.java:565)
	at java.base/java.util.ArrayList.forEach(ArrayList.java:1604)
	at java.base/java.util.ArrayList.forEach(ArrayList.java:1604)

[ERROR] com.example.api.AuthenticationApiTest.testAccessProtectedEndpointWithoutToken -- Time elapsed: 0.007 s <<< ERROR!
java.net.ConnectException: Connection refused
	at java.base/sun.nio.ch.Net.connect0(Native Method)
	at java.base/sun.nio.ch.Net.connect(Net.java:535)
	at java.base/sun.nio.ch.Net.connect(Net.java:524)
	at java.base/sun.nio.ch.NioSocketImpl.connect(NioSocketImpl.java:574)
	at java.base/java.net.SocksSocketImpl.connect(SocksSocketImpl.java:282)
	at java.base/java.net.Socket.connect(Socket.java:665)
	at org.apache.http.conn.scheme.PlainSocketFactory.connectSocket(PlainSocketFactory.java:121)
	at org.apache.http.impl.conn.DefaultClientConnectionOperator.openConnection(DefaultClientConnectionOperator.java:180)
	at org.apache.http.impl.conn.ManagedClientConnectionImpl.open(ManagedClientConnectionImpl.java:326)
	at org.apache.http.impl.client.DefaultRequestDirector.tryConnect(DefaultRequestDirector.java:605)
	at org.apache.http.impl.client.DefaultRequestDirector.execute(DefaultRequestDirector.java:440)
	at org.apache.http.impl.client.AbstractHttpClient.doExecute(AbstractHttpClient.java:835)
	at org.apache.http.impl.client.CloseableHttpClient.execute(CloseableHttpClient.java:83)
	at io.restassured.internal.RestAssuredHttpBuilder.doRequest(RestAssuredHttpBuilder.java:141)
	at io.restassured.internal.http.HTTPBuilder.post(HTTPBuilder.java:349)
	at io.restassured.internal.http.HTTPBuilder$post$2.call(Unknown Source)
	at io.restassured.internal.RequestSpecificationImpl.sendRequest(RequestSpecificationImpl.groovy:1209)
	at io.restassured.internal.RequestSpecificationImpl.this$2$sendRequest(RequestSpecificationImpl.groovy)
	at java.base/jdk.internal.reflect.DirectMethodHandleAccessor.invoke(DirectMethodHandleAccessor.java:104)
	at java.base/java.lang.reflect.Method.invoke(Method.java:565)
	at org.codehaus.groovy.reflection.CachedMethod.invoke(CachedMethod.java:343)
	at groovy.lang.MetaMethod.doMethodInvoke(MetaMethod.java:328)
	at groovy.lang.MetaClassImpl.doInvokeMethod(MetaClassImpl.java:1333)
	at groovy.lang.MetaClassImpl.invokeMethod(MetaClassImpl.java:1088)
	at groovy.lang.MetaClassImpl.invokeMethod(MetaClassImpl.java:1007)
	at groovy.lang.MetaClassImpl.invokeMethod(MetaClassImpl.java:790)
	at io.restassured.internal.RequestSpecificationImpl.invokeMethod(RequestSpecificationImpl.groovy)
	at org.codehaus.groovy.runtime.callsite.PogoInterceptableSite.call(PogoInterceptableSite.java:46)
	at org.codehaus.groovy.runtime.callsite.AbstractCallSite.call(AbstractCallSite.java:166)
	at io.restassured.internal.filter.SendRequestFilter.filter(SendRequestFilter.groovy:30)
	at io.restassured.filter.Filter$filter.call(Unknown Source)
	at org.codehaus.groovy.runtime.callsite.CallSiteArray.defaultCall(CallSiteArray.java:45)
	at io.restassured.filter.Filter$filter$0.call(Unknown Source)
	at io.restassured.internal.filter.FilterContextImpl.next(FilterContextImpl.groovy:72)
	at io.restassured.filter.time.TimingFilter.filter(TimingFilter.java:56)
	at io.restassured.filter.Filter$filter$0.call(Unknown Source)
	at org.codehaus.groovy.runtime.callsite.CallSiteArray.defaultCall(CallSiteArray.java:45)
	at io.restassured.filter.Filter$filter.call(Unknown Source)
	at io.restassured.internal.filter.FilterContextImpl.next(FilterContextImpl.groovy:72)
	at io.restassured.filter.FilterContext$next.call(Unknown Source)
	at io.restassured.internal.filter.CsrfFilter.filter(CsrfFilter.groovy:70)
	at io.restassured.filter.Filter$filter.call(Unknown Source)
	at org.codehaus.groovy.runtime.callsite.CallSiteArray.defaultCall(CallSiteArray.java:45)
	at io.restassured.filter.Filter$filter.call(Unknown Source)
	at io.restassured.internal.filter.FilterContextImpl.next(FilterContextImpl.groovy:72)
	at io.restassured.filter.FilterContext$next.call(Unknown Source)
	at io.restassured.internal.RequestSpecificationImpl.applyPathParamsAndSendRequest(RequestSpecificationImpl.groovy:1704)
	at io.restassured.internal.RequestSpecificationImpl.this$2$applyPathParamsAndSendRequest(RequestSpecificationImpl.groovy)
	at java.base/jdk.internal.reflect.DirectMethodHandleAccessor.invoke(DirectMethodHandleAccessor.java:104)
	at java.base/java.lang.reflect.Method.invoke(Method.java:565)
	at org.codehaus.groovy.reflection.CachedMethod.invoke(CachedMethod.java:343)
	at groovy.lang.MetaMethod.doMethodInvoke(MetaMethod.java:328)
	at groovy.lang.MetaClassImpl.doInvokeMethod(MetaClassImpl.java:1333)
	at groovy.lang.MetaClassImpl.invokeMethod(MetaClassImpl.java:1088)
	at groovy.lang.MetaClassImpl.invokeMethod(MetaClassImpl.java:1007)
	at groovy.lang.MetaClassImpl.invokeMethod(MetaClassImpl.java:790)
	at io.restassured.internal.RequestSpecificationImpl.invokeMethod(RequestSpecificationImpl.groovy)
	at org.codehaus.groovy.runtime.callsite.PogoInterceptableSite.call(PogoInterceptableSite.java:46)
	at org.codehaus.groovy.runtime.callsite.PogoInterceptableSite.callCurrent(PogoInterceptableSite.java:57)
	at org.codehaus.groovy.runtime.callsite.AbstractCallSite.callCurrent(AbstractCallSite.java:203)
	at io.restassured.internal.RequestSpecificationImpl.applyPathParamsAndSendRequest(RequestSpecificationImpl.groovy:1710)
	at io.restassured.internal.RequestSpecificationImpl.this$2$applyPathParamsAndSendRequest(RequestSpecificationImpl.groovy)
	at java.base/jdk.internal.reflect.DirectMethodHandleAccessor.invoke(DirectMethodHandleAccessor.java:104)
	at java.base/java.lang.reflect.Method.invoke(Method.java:565)
	at org.codehaus.groovy.reflection.CachedMethod.invoke(CachedMethod.java:343)
	at groovy.lang.MetaMethod.doMethodInvoke(MetaMethod.java:328)
	at groovy.lang.MetaClassImpl.doInvokeMethod(MetaClassImpl.java:1333)
	at groovy.lang.MetaClassImpl.invokeMethod(MetaClassImpl.java:1088)
	at groovy.lang.MetaClassImpl.invokeMethod(MetaClassImpl.java:1007)
	at groovy.lang.MetaClassImpl.invokeMethod(MetaClassImpl.java:790)
	at io.restassured.internal.RequestSpecificationImpl.invokeMethod(RequestSpecificationImpl.groovy)
	at org.codehaus.groovy.runtime.callsite.PogoInterceptableSite.call(PogoInterceptableSite.java:46)
	at org.codehaus.groovy.runtime.callsite.PogoInterceptableSite.callCurrent(PogoInterceptableSite.java:57)
	at org.codehaus.groovy.runtime.callsite.AbstractCallSite.callCurrent(AbstractCallSite.java:203)
	at io.restassured.internal.RequestSpecificationImpl.post(RequestSpecificationImpl.groovy:176)
	at io.restassured.internal.RequestSpecificationImpl.post(RequestSpecificationImpl.groovy)
	at com.example.api.AuthenticationApiTest.testAccessProtectedEndpointWithoutToken(AuthenticationApiTest.java:214)
	at java.base/java.lang.reflect.Method.invoke(Method.java:565)
	at java.base/java.util.ArrayList.forEach(ArrayList.java:1604)
	at java.base/java.util.ArrayList.forEach(ArrayList.java:1604)

21:09:10.195 [main] DEBUG org.apache.http.impl.conn.BasicClientConnectionManager -- Get connection for route {}->http://localhost:8080
21:09:10.196 [main] DEBUG org.apache.http.impl.conn.DefaultClientConnectionOperator -- Connecting to localhost:8080
21:09:10.196 [main] DEBUG org.apache.http.impl.conn.DefaultClientConnectionOperator -- Connect to localhost:8080 timed out. Connection will be retried using another IP address
21:09:10.196 [main] DEBUG org.apache.http.impl.conn.DefaultClientConnectionOperator -- Connecting to localhost:8080
21:09:10.196 [main] DEBUG org.apache.http.impl.conn.DefaultClientConnection -- Connection org.apache.http.impl.conn.DefaultClientConnection@5a0e0886 closed
21:09:10.196 [main] DEBUG org.apache.http.impl.conn.DefaultClientConnection -- Connection org.apache.http.impl.conn.DefaultClientConnection@5a0e0886 shut down
21:09:10.196 [main] DEBUG org.apache.http.impl.conn.BasicClientConnectionManager -- Releasing connection org.apache.http.impl.conn.ManagedClientConnectionImpl@3ad8717d
[ERROR] Tests run: 1, Failures: 0, Errors: 1, Skipped: 0, Time elapsed: 0.008 s <<< FAILURE! -- in com.example.api.EmployeeSimpleApiTest
[ERROR] com.example.api.EmployeeSimpleApiTest.addEmployee_shouldReturn200or201 -- Time elapsed: 0.008 s <<< ERROR!
java.net.ConnectException: Connection refused
	at java.base/sun.nio.ch.Net.connect0(Native Method)
	at java.base/sun.nio.ch.Net.connect(Net.java:535)
	at java.base/sun.nio.ch.Net.connect(Net.java:524)
	at java.base/sun.nio.ch.NioSocketImpl.connect(NioSocketImpl.java:574)
	at java.base/java.net.SocksSocketImpl.connect(SocksSocketImpl.java:282)
	at java.base/java.net.Socket.connect(Socket.java:665)
	at org.apache.http.conn.scheme.PlainSocketFactory.connectSocket(PlainSocketFactory.java:121)
	at org.apache.http.impl.conn.DefaultClientConnectionOperator.openConnection(DefaultClientConnectionOperator.java:180)
	at org.apache.http.impl.conn.ManagedClientConnectionImpl.open(ManagedClientConnectionImpl.java:326)
	at org.apache.http.impl.client.DefaultRequestDirector.tryConnect(DefaultRequestDirector.java:605)
	at org.apache.http.impl.client.DefaultRequestDirector.execute(DefaultRequestDirector.java:440)
	at org.apache.http.impl.client.AbstractHttpClient.doExecute(AbstractHttpClient.java:835)
	at org.apache.http.impl.client.CloseableHttpClient.execute(CloseableHttpClient.java:83)
	at io.restassured.internal.RestAssuredHttpBuilder.doRequest(RestAssuredHttpBuilder.java:141)
	at io.restassured.internal.http.HTTPBuilder.post(HTTPBuilder.java:349)
	at io.restassured.internal.http.HTTPBuilder$post$2.call(Unknown Source)
	at io.restassured.internal.RequestSpecificationImpl.sendRequest(RequestSpecificationImpl.groovy:1209)
	at io.restassured.internal.RequestSpecificationImpl.this$2$sendRequest(RequestSpecificationImpl.groovy)
	at java.base/jdk.internal.reflect.DirectMethodHandleAccessor.invoke(DirectMethodHandleAccessor.java:104)
	at java.base/java.lang.reflect.Method.invoke(Method.java:565)
	at org.codehaus.groovy.reflection.CachedMethod.invoke(CachedMethod.java:343)
	at groovy.lang.MetaMethod.doMethodInvoke(MetaMethod.java:328)
	at groovy.lang.MetaClassImpl.doInvokeMethod(MetaClassImpl.java:1333)
	at groovy.lang.MetaClassImpl.invokeMethod(MetaClassImpl.java:1088)
	at groovy.lang.MetaClassImpl.invokeMethod(MetaClassImpl.java:1007)
	at groovy.lang.MetaClassImpl.invokeMethod(MetaClassImpl.java:790)
	at io.restassured.internal.RequestSpecificationImpl.invokeMethod(RequestSpecificationImpl.groovy)
	at org.codehaus.groovy.runtime.callsite.PogoInterceptableSite.call(PogoInterceptableSite.java:46)
	at org.codehaus.groovy.runtime.callsite.AbstractCallSite.call(AbstractCallSite.java:166)
	at io.restassured.internal.filter.SendRequestFilter.filter(SendRequestFilter.groovy:30)
	at io.restassured.filter.Filter$filter.call(Unknown Source)
	at org.codehaus.groovy.runtime.callsite.CallSiteArray.defaultCall(CallSiteArray.java:45)
	at io.restassured.filter.Filter$filter$0.call(Unknown Source)
	at io.restassured.internal.filter.FilterContextImpl.next(FilterContextImpl.groovy:72)
	at io.restassured.filter.time.TimingFilter.filter(TimingFilter.java:56)
	at io.restassured.filter.Filter$filter$0.call(Unknown Source)
	at org.codehaus.groovy.runtime.callsite.CallSiteArray.defaultCall(CallSiteArray.java:45)
	at io.restassured.filter.Filter$filter.call(Unknown Source)
	at io.restassured.internal.filter.FilterContextImpl.next(FilterContextImpl.groovy:72)
	at io.restassured.filter.FilterContext$next.call(Unknown Source)
	at io.restassured.internal.filter.CsrfFilter.filter(CsrfFilter.groovy:70)
	at io.restassured.filter.Filter$filter.call(Unknown Source)
	at org.codehaus.groovy.runtime.callsite.CallSiteArray.defaultCall(CallSiteArray.java:45)
	at io.restassured.filter.Filter$filter.call(Unknown Source)
	at io.restassured.internal.filter.FilterContextImpl.next(FilterContextImpl.groovy:72)
	at io.restassured.filter.FilterContext$next.call(Unknown Source)
	at io.restassured.internal.RequestSpecificationImpl.applyPathParamsAndSendRequest(RequestSpecificationImpl.groovy:1704)
	at io.restassured.internal.RequestSpecificationImpl.this$2$applyPathParamsAndSendRequest(RequestSpecificationImpl.groovy)
	at java.base/jdk.internal.reflect.DirectMethodHandleAccessor.invoke(DirectMethodHandleAccessor.java:104)
	at java.base/java.lang.reflect.Method.invoke(Method.java:565)
	at org.codehaus.groovy.reflection.CachedMethod.invoke(CachedMethod.java:343)
	at groovy.lang.MetaMethod.doMethodInvoke(MetaMethod.java:328)
	at groovy.lang.MetaClassImpl.doInvokeMethod(MetaClassImpl.java:1333)
	at groovy.lang.MetaClassImpl.invokeMethod(MetaClassImpl.java:1088)
	at groovy.lang.MetaClassImpl.invokeMethod(MetaClassImpl.java:1007)
	at groovy.lang.MetaClassImpl.invokeMethod(MetaClassImpl.java:790)
	at io.restassured.internal.RequestSpecificationImpl.invokeMethod(RequestSpecificationImpl.groovy)
	at org.codehaus.groovy.runtime.callsite.PogoInterceptableSite.call(PogoInterceptableSite.java:46)
	at org.codehaus.groovy.runtime.callsite.PogoInterceptableSite.callCurrent(PogoInterceptableSite.java:57)
	at org.codehaus.groovy.runtime.callsite.AbstractCallSite.callCurrent(AbstractCallSite.java:203)
	at io.restassured.internal.RequestSpecificationImpl.applyPathParamsAndSendRequest(RequestSpecificationImpl.groovy:1710)
	at io.restassured.internal.RequestSpecificationImpl.this$2$applyPathParamsAndSendRequest(RequestSpecificationImpl.groovy)
	at java.base/jdk.internal.reflect.DirectMethodHandleAccessor.invoke(DirectMethodHandleAccessor.java:104)
	at java.base/java.lang.reflect.Method.invoke(Method.java:565)
	at org.codehaus.groovy.reflection.CachedMethod.invoke(CachedMethod.java:343)
	at groovy.lang.MetaMethod.doMethodInvoke(MetaMethod.java:328)
	at groovy.lang.MetaClassImpl.doInvokeMethod(MetaClassImpl.java:1333)
	at groovy.lang.MetaClassImpl.invokeMethod(MetaClassImpl.java:1088)
	at groovy.lang.MetaClassImpl.invokeMethod(MetaClassImpl.java:1007)
	at groovy.lang.MetaClassImpl.invokeMethod(MetaClassImpl.java:790)
	at io.restassured.internal.RequestSpecificationImpl.invokeMethod(RequestSpecificationImpl.groovy)
	at org.codehaus.groovy.runtime.callsite.PogoInterceptableSite.call(PogoInterceptableSite.java:46)
	at org.codehaus.groovy.runtime.callsite.PogoInterceptableSite.callCurrent(PogoInterceptableSite.java:57)
	at org.codehaus.groovy.runtime.callsite.AbstractCallSite.callCurrent(AbstractCallSite.java:203)
	at io.restassured.internal.RequestSpecificationImpl.post(RequestSpecificationImpl.groovy:176)
	at io.restassured.internal.RequestSpecificationImpl.post(RequestSpecificationImpl.groovy)
	at com.example.api.EmployeeSimpleApiTest.addEmployee_shouldReturn200or201(EmployeeSimpleApiTest.java:34)
	at java.base/java.lang.reflect.Method.invoke(Method.java:565)
	at java.base/java.util.ArrayList.forEach(ArrayList.java:1604)
	at java.base/java.util.ArrayList.forEach(ArrayList.java:1604)


Scenario: Add one valid employee successfully                                                                  # features/employee_add_simple.feature:5
API Endpoint set to: http://localhost:8080/SpringMvcHelloWorld/api/employee
  Given the employee registration API is available at "http://localhost:8080/SpringMvcHelloWorld/api/employee" # steps.EmployeeFormSteps.theEmployeeRegistrationAPIIsAvailableAt(java.lang.String)
21:09:10.403 [main] DEBUG org.apache.http.impl.conn.BasicClientConnectionManager -- Get connection for route {}->http://localhost:8080
21:09:10.403 [main] DEBUG org.apache.http.impl.conn.DefaultClientConnectionOperator -- Connecting to localhost:8080
21:09:10.403 [main] DEBUG org.apache.http.impl.conn.DefaultClientConnectionOperator -- Connect to localhost:8080 timed out. Connection will be retried using another IP address
21:09:10.403 [main] DEBUG org.apache.http.impl.conn.DefaultClientConnectionOperator -- Connecting to localhost:8080
21:09:10.404 [main] DEBUG org.apache.http.impl.conn.DefaultClientConnection -- Connection org.apache.http.impl.conn.DefaultClientConnection@5463f035 closed
21:09:10.404 [main] DEBUG org.apache.http.impl.conn.DefaultClientConnection -- Connection org.apache.http.impl.conn.DefaultClientConnection@5463f035 shut down
21:09:10.404 [main] DEBUG org.apache.http.impl.conn.BasicClientConnectionManager -- Releasing connection org.apache.http.impl.conn.ManagedClientConnectionImpl@230232b0
  When I submit employee form with the following data:                                                         # steps.EmployeeFormSteps.iSubmitEmployeeFormWithTheFollowingData(io.cucumber.datatable.DataTable)
    | field         | value              |
    | name          | Simple User        |
    | email         | simple@company.com |
    | contactNumber | +1-555-000-0000    |
    | position      | Intern             |
      java.net.ConnectException: Connection refused
	at java.base/sun.nio.ch.Net.connect0(Native Method)
	at java.base/sun.nio.ch.Net.connect(Net.java:535)
	at java.base/sun.nio.ch.Net.connect(Net.java:524)
	at java.base/sun.nio.ch.NioSocketImpl.connect(NioSocketImpl.java:574)
	at java.base/java.net.SocksSocketImpl.connect(SocksSocketImpl.java:282)
	at java.base/java.net.Socket.connect(Socket.java:665)
	at org.apache.http.conn.scheme.PlainSocketFactory.connectSocket(PlainSocketFactory.java:121)
	at org.apache.http.impl.conn.DefaultClientConnectionOperator.openConnection(DefaultClientConnectionOperator.java:180)
	at org.apache.http.impl.conn.ManagedClientConnectionImpl.open(ManagedClientConnectionImpl.java:326)
	at org.apache.http.impl.client.DefaultRequestDirector.tryConnect(DefaultRequestDirector.java:605)
	at org.apache.http.impl.client.DefaultRequestDirector.execute(DefaultRequestDirector.java:440)
	at org.apache.http.impl.client.AbstractHttpClient.doExecute(AbstractHttpClient.java:835)
	at org.apache.http.impl.client.CloseableHttpClient.execute(CloseableHttpClient.java:83)
	at io.restassured.internal.RestAssuredHttpBuilder.doRequest(RestAssuredHttpBuilder.java:141)
	at io.restassured.internal.http.HTTPBuilder.post(HTTPBuilder.java:349)
	at io.restassured.internal.http.HTTPBuilder$post$2.call(Unknown Source)
	at io.restassured.internal.RequestSpecificationImpl.sendRequest(RequestSpecificationImpl.groovy:1209)
	at io.restassured.internal.RequestSpecificationImpl.this$2$sendRequest(RequestSpecificationImpl.groovy)
	at java.base/jdk.internal.reflect.DirectMethodHandleAccessor.invoke(DirectMethodHandleAccessor.java:104)
	at java.base/java.lang.reflect.Method.invoke(Method.java:565)
	at org.codehaus.groovy.reflection.CachedMethod.invoke(CachedMethod.java:343)
	at groovy.lang.MetaMethod.doMethodInvoke(MetaMethod.java:328)
	at groovy.lang.MetaClassImpl.doInvokeMethod(MetaClassImpl.java:1333)
	at groovy.lang.MetaClassImpl.invokeMethod(MetaClassImpl.java:1088)
	at groovy.lang.MetaClassImpl.invokeMethod(MetaClassImpl.java:1007)
	at groovy.lang.MetaClassImpl.invokeMethod(MetaClassImpl.java:790)
	at io.restassured.internal.RequestSpecificationImpl.invokeMethod(RequestSpecificationImpl.groovy)
	at org.codehaus.groovy.runtime.callsite.PogoInterceptableSite.call(PogoInterceptableSite.java:46)
	at org.codehaus.groovy.runtime.callsite.AbstractCallSite.call(AbstractCallSite.java:166)
	at io.restassured.internal.filter.SendRequestFilter.filter(SendRequestFilter.groovy:30)
	at io.restassured.filter.Filter$filter.call(Unknown Source)
	at org.codehaus.groovy.runtime.callsite.CallSiteArray.defaultCall(CallSiteArray.java:45)
	at io.restassured.filter.Filter$filter$0.call(Unknown Source)
	at io.restassured.internal.filter.FilterContextImpl.next(FilterContextImpl.groovy:72)
	at io.restassured.filter.time.TimingFilter.filter(TimingFilter.java:56)
	at io.restassured.filter.Filter$filter$0.call(Unknown Source)
	at org.codehaus.groovy.runtime.callsite.CallSiteArray.defaultCall(CallSiteArray.java:45)
	at io.restassured.filter.Filter$filter.call(Unknown Source)
	at io.restassured.internal.filter.FilterContextImpl.next(FilterContextImpl.groovy:72)
	at io.restassured.filter.FilterContext$next.call(Unknown Source)
	at io.restassured.internal.filter.CsrfFilter.filter(CsrfFilter.groovy:70)
	at io.restassured.filter.Filter$filter.call(Unknown Source)
	at org.codehaus.groovy.runtime.callsite.CallSiteArray.defaultCall(CallSiteArray.java:45)
	at io.restassured.filter.Filter$filter.call(Unknown Source)
	at io.restassured.internal.filter.FilterContextImpl.next(FilterContextImpl.groovy:72)
	at io.restassured.filter.FilterContext$next.call(Unknown Source)
	at io.restassured.internal.RequestSpecificationImpl.applyPathParamsAndSendRequest(RequestSpecificationImpl.groovy:1704)
	at io.restassured.internal.RequestSpecificationImpl.this$2$applyPathParamsAndSendRequest(RequestSpecificationImpl.groovy)
	at java.base/jdk.internal.reflect.DirectMethodHandleAccessor.invoke(DirectMethodHandleAccessor.java:104)
	at java.base/java.lang.reflect.Method.invoke(Method.java:565)
	at org.codehaus.groovy.reflection.CachedMethod.invoke(CachedMethod.java:343)
	at groovy.lang.MetaMethod.doMethodInvoke(MetaMethod.java:328)
	at groovy.lang.MetaClassImpl.doInvokeMethod(MetaClassImpl.java:1333)
	at groovy.lang.MetaClassImpl.invokeMethod(MetaClassImpl.java:1088)
	at groovy.lang.MetaClassImpl.invokeMethod(MetaClassImpl.java:1007)
	at groovy.lang.MetaClassImpl.invokeMethod(MetaClassImpl.java:790)
	at io.restassured.internal.RequestSpecificationImpl.invokeMethod(RequestSpecificationImpl.groovy)
	at org.codehaus.groovy.runtime.callsite.PogoInterceptableSite.call(PogoInterceptableSite.java:46)
	at org.codehaus.groovy.runtime.callsite.PogoInterceptableSite.callCurrent(PogoInterceptableSite.java:57)
	at org.codehaus.groovy.runtime.callsite.AbstractCallSite.callCurrent(AbstractCallSite.java:203)
	at io.restassured.internal.RequestSpecificationImpl.applyPathParamsAndSendRequest(RequestSpecificationImpl.groovy:1710)
	at io.restassured.internal.RequestSpecificationImpl.this$2$applyPathParamsAndSendRequest(RequestSpecificationImpl.groovy)
	at java.base/jdk.internal.reflect.DirectMethodHandleAccessor.invoke(DirectMethodHandleAccessor.java:104)
	at java.base/java.lang.reflect.Method.invoke(Method.java:565)
	at org.codehaus.groovy.reflection.CachedMethod.invoke(CachedMethod.java:343)
	at groovy.lang.MetaMethod.doMethodInvoke(MetaMethod.java:328)
	at groovy.lang.MetaClassImpl.doInvokeMethod(MetaClassImpl.java:1333)
	at groovy.lang.MetaClassImpl.invokeMethod(MetaClassImpl.java:1088)
	at groovy.lang.MetaClassImpl.invokeMethod(MetaClassImpl.java:1007)
	at groovy.lang.MetaClassImpl.invokeMethod(MetaClassImpl.java:790)
	at io.restassured.internal.RequestSpecificationImpl.invokeMethod(RequestSpecificationImpl.groovy)
	at org.codehaus.groovy.runtime.callsite.PogoInterceptableSite.call(PogoInterceptableSite.java:46)
	at org.codehaus.groovy.runtime.callsite.PogoInterceptableSite.callCurrent(PogoInterceptableSite.java:57)
	at org.codehaus.groovy.runtime.callsite.AbstractCallSite.callCurrent(AbstractCallSite.java:203)
	at io.restassured.internal.RequestSpecificationImpl.post(RequestSpecificationImpl.groovy:176)
	at io.restassured.internal.RequestSpecificationImpl.post(RequestSpecificationImpl.groovy)
	at steps.EmployeeFormSteps.iSubmitEmployeeFormWithTheFollowingData(EmployeeFormSteps.java:64)
	at ✽.I submit employee form with the following data:(classpath:features/employee_add_simple.feature:6)

  Then the response status code should be 200 or 201                                                           # steps.EmployeeFormSteps.theResponseStatusCodeShouldBe200Or201()

@positive @smoke
Scenario: Submit valid employee form data                                                                      # features/employee_form.feature:10
API Endpoint set to: http://localhost:8080/SpringMvcHelloWorld/api/employee
  Given the employee registration API is available at "http://localhost:8080/SpringMvcHelloWorld/api/employee" # steps.EmployeeFormSteps.theEmployeeRegistrationAPIIsAvailableAt(java.lang.String)
21:09:10.433 [main] DEBUG org.apache.http.impl.conn.BasicClientConnectionManager -- Get connection for route {}->http://localhost:8080
21:09:10.433 [main] DEBUG org.apache.http.impl.conn.DefaultClientConnectionOperator -- Connecting to localhost:8080
21:09:10.433 [main] DEBUG org.apache.http.impl.conn.DefaultClientConnectionOperator -- Connect to localhost:8080 timed out. Connection will be retried using another IP address
21:09:10.433 [main] DEBUG org.apache.http.impl.conn.DefaultClientConnectionOperator -- Connecting to localhost:8080
21:09:10.433 [main] DEBUG org.apache.http.impl.conn.DefaultClientConnection -- Connection org.apache.http.impl.conn.DefaultClientConnection@14457a95 closed
21:09:10.433 [main] DEBUG org.apache.http.impl.conn.DefaultClientConnection -- Connection org.apache.http.impl.conn.DefaultClientConnection@14457a95 shut down
21:09:10.433 [main] DEBUG org.apache.http.impl.conn.BasicClientConnectionManager -- Releasing connection org.apache.http.impl.conn.ManagedClientConnectionImpl@48567727
  When I submit employee form with the following data:                                                         # steps.EmployeeFormSteps.iSubmitEmployeeFormWithTheFollowingData(io.cucumber.datatable.DataTable)
    | field         | value                |
    | name          | John Doe             |
    | email         | john.doe@company.com |
    | contactNumber | +1-555-123-4567      |
    | position      | Software Engineer    |
      java.net.ConnectException: Connection refused
	at java.base/sun.nio.ch.Net.connect0(Native Method)
	at java.base/sun.nio.ch.Net.connect(Net.java:535)
	at java.base/sun.nio.ch.Net.connect(Net.java:524)
	at java.base/sun.nio.ch.NioSocketImpl.connect(NioSocketImpl.java:574)
	at java.base/java.net.SocksSocketImpl.connect(SocksSocketImpl.java:282)
	at java.base/java.net.Socket.connect(Socket.java:665)
	at org.apache.http.conn.scheme.PlainSocketFactory.connectSocket(PlainSocketFactory.java:121)
	at org.apache.http.impl.conn.DefaultClientConnectionOperator.openConnection(DefaultClientConnectionOperator.java:180)
	at org.apache.http.impl.conn.ManagedClientConnectionImpl.open(ManagedClientConnectionImpl.java:326)
	at org.apache.http.impl.client.DefaultRequestDirector.tryConnect(DefaultRequestDirector.java:605)
	at org.apache.http.impl.client.DefaultRequestDirector.execute(DefaultRequestDirector.java:440)
	at org.apache.http.impl.client.AbstractHttpClient.doExecute(AbstractHttpClient.java:835)
	at org.apache.http.impl.client.CloseableHttpClient.execute(CloseableHttpClient.java:83)
	at io.restassured.internal.RestAssuredHttpBuilder.doRequest(RestAssuredHttpBuilder.java:141)
	at io.restassured.internal.http.HTTPBuilder.post(HTTPBuilder.java:349)
	at io.restassured.internal.http.HTTPBuilder$post$2.call(Unknown Source)
	at io.restassured.internal.RequestSpecificationImpl.sendRequest(RequestSpecificationImpl.groovy:1209)
	at io.restassured.internal.RequestSpecificationImpl.this$2$sendRequest(RequestSpecificationImpl.groovy)
	at java.base/jdk.internal.reflect.DirectMethodHandleAccessor.invoke(DirectMethodHandleAccessor.java:104)
	at java.base/java.lang.reflect.Method.invoke(Method.java:565)
	at org.codehaus.groovy.reflection.CachedMethod.invoke(CachedMethod.java:343)
	at groovy.lang.MetaMethod.doMethodInvoke(MetaMethod.java:328)
	at groovy.lang.MetaClassImpl.doInvokeMethod(MetaClassImpl.java:1333)
	at groovy.lang.MetaClassImpl.invokeMethod(MetaClassImpl.java:1088)
	at groovy.lang.MetaClassImpl.invokeMethod(MetaClassImpl.java:1007)
	at groovy.lang.MetaClassImpl.invokeMethod(MetaClassImpl.java:790)
	at io.restassured.internal.RequestSpecificationImpl.invokeMethod(RequestSpecificationImpl.groovy)
	at org.codehaus.groovy.runtime.callsite.PogoInterceptableSite.call(PogoInterceptableSite.java:46)
	at org.codehaus.groovy.runtime.callsite.AbstractCallSite.call(AbstractCallSite.java:166)
	at io.restassured.internal.filter.SendRequestFilter.filter(SendRequestFilter.groovy:30)
	at io.restassured.filter.Filter$filter.call(Unknown Source)
	at org.codehaus.groovy.runtime.callsite.CallSiteArray.defaultCall(CallSiteArray.java:45)
	at io.restassured.filter.Filter$filter$0.call(Unknown Source)
	at io.restassured.internal.filter.FilterContextImpl.next(FilterContextImpl.groovy:72)
	at io.restassured.filter.time.TimingFilter.filter(TimingFilter.java:56)
	at io.restassured.filter.Filter$filter$0.call(Unknown Source)
	at org.codehaus.groovy.runtime.callsite.CallSiteArray.defaultCall(CallSiteArray.java:45)
	at io.restassured.filter.Filter$filter.call(Unknown Source)
	at io.restassured.internal.filter.FilterContextImpl.next(FilterContextImpl.groovy:72)
	at io.restassured.filter.FilterContext$next.call(Unknown Source)
	at io.restassured.internal.filter.CsrfFilter.filter(CsrfFilter.groovy:70)
	at io.restassured.filter.Filter$filter.call(Unknown Source)
	at org.codehaus.groovy.runtime.callsite.CallSiteArray.defaultCall(CallSiteArray.java:45)
	at io.restassured.filter.Filter$filter.call(Unknown Source)
	at io.restassured.internal.filter.FilterContextImpl.next(FilterContextImpl.groovy:72)
	at io.restassured.filter.FilterContext$next.call(Unknown Source)
	at io.restassured.internal.RequestSpecificationImpl.applyPathParamsAndSendRequest(RequestSpecificationImpl.groovy:1704)
	at io.restassured.internal.RequestSpecificationImpl.this$2$applyPathParamsAndSendRequest(RequestSpecificationImpl.groovy)
	at java.base/jdk.internal.reflect.DirectMethodHandleAccessor.invoke(DirectMethodHandleAccessor.java:104)
	at java.base/java.lang.reflect.Method.invoke(Method.java:565)
	at org.codehaus.groovy.reflection.CachedMethod.invoke(CachedMethod.java:343)
	at groovy.lang.MetaMethod.doMethodInvoke(MetaMethod.java:328)
	at groovy.lang.MetaClassImpl.doInvokeMethod(MetaClassImpl.java:1333)
	at groovy.lang.MetaClassImpl.invokeMethod(MetaClassImpl.java:1088)
	at groovy.lang.MetaClassImpl.invokeMethod(MetaClassImpl.java:1007)
	at groovy.lang.MetaClassImpl.invokeMethod(MetaClassImpl.java:790)
	at io.restassured.internal.RequestSpecificationImpl.invokeMethod(RequestSpecificationImpl.groovy)
	at org.codehaus.groovy.runtime.callsite.PogoInterceptableSite.call(PogoInterceptableSite.java:46)
	at org.codehaus.groovy.runtime.callsite.PogoInterceptableSite.callCurrent(PogoInterceptableSite.java:57)
	at org.codehaus.groovy.runtime.callsite.AbstractCallSite.callCurrent(AbstractCallSite.java:203)
	at io.restassured.internal.RequestSpecificationImpl.applyPathParamsAndSendRequest(RequestSpecificationImpl.groovy:1710)
	at io.restassured.internal.RequestSpecificationImpl.this$2$applyPathParamsAndSendRequest(RequestSpecificationImpl.groovy)
	at java.base/jdk.internal.reflect.DirectMethodHandleAccessor.invoke(DirectMethodHandleAccessor.java:104)
	at java.base/java.lang.reflect.Method.invoke(Method.java:565)
	at org.codehaus.groovy.reflection.CachedMethod.invoke(CachedMethod.java:343)
	at groovy.lang.MetaMethod.doMethodInvoke(MetaMethod.java:328)
	at groovy.lang.MetaClassImpl.doInvokeMethod(MetaClassImpl.java:1333)
	at groovy.lang.MetaClassImpl.invokeMethod(MetaClassImpl.java:1088)
	at groovy.lang.MetaClassImpl.invokeMethod(MetaClassImpl.java:1007)
	at groovy.lang.MetaClassImpl.invokeMethod(MetaClassImpl.java:790)
	at io.restassured.internal.RequestSpecificationImpl.invokeMethod(RequestSpecificationImpl.groovy)
	at org.codehaus.groovy.runtime.callsite.PogoInterceptableSite.call(PogoInterceptableSite.java:46)
	at org.codehaus.groovy.runtime.callsite.PogoInterceptableSite.callCurrent(PogoInterceptableSite.java:57)
	at org.codehaus.groovy.runtime.callsite.AbstractCallSite.callCurrent(AbstractCallSite.java:203)
	at io.restassured.internal.RequestSpecificationImpl.post(RequestSpecificationImpl.groovy:176)
	at io.restassured.internal.RequestSpecificationImpl.post(RequestSpecificationImpl.groovy)
	at steps.EmployeeFormSteps.iSubmitEmployeeFormWithTheFollowingData(EmployeeFormSteps.java:64)
	at ✽.I submit employee form with the following data:(classpath:features/employee_form.feature:11)

  Then the response status code should be 200 or 201                                                           # steps.EmployeeFormSteps.theResponseStatusCodeShouldBe200Or201()
  And the response should contain employee information                                                         # steps.EmployeeFormSteps.theResponseShouldContainEmployeeInformation()
  And the response should indicate success                                                                     # steps.EmployeeFormSteps.theResponseShouldIndicateSuccess()

@negative @validation
Scenario: Submit form with invalid email format                                                                # features/employee_form.feature:22
API Endpoint set to: http://localhost:8080/SpringMvcHelloWorld/api/employee
  Given the employee registration API is available at "http://localhost:8080/SpringMvcHelloWorld/api/employee" # steps.EmployeeFormSteps.theEmployeeRegistrationAPIIsAvailableAt(java.lang.String)
21:09:10.443 [main] DEBUG org.apache.http.impl.conn.BasicClientConnectionManager -- Get connection for route {}->http://localhost:8080
21:09:10.443 [main] DEBUG org.apache.http.impl.conn.DefaultClientConnectionOperator -- Connecting to localhost:8080
21:09:10.443 [main] DEBUG org.apache.http.impl.conn.DefaultClientConnectionOperator -- Connect to localhost:8080 timed out. Connection will be retried using another IP address
21:09:10.443 [main] DEBUG org.apache.http.impl.conn.DefaultClientConnectionOperator -- Connecting to localhost:8080
21:09:10.444 [main] DEBUG org.apache.http.impl.conn.DefaultClientConnection -- Connection org.apache.http.impl.conn.DefaultClientConnection@53feeac9 closed
21:09:10.444 [main] DEBUG org.apache.http.impl.conn.DefaultClientConnection -- Connection org.apache.http.impl.conn.DefaultClientConnection@53feeac9 shut down
21:09:10.444 [main] DEBUG org.apache.http.impl.conn.BasicClientConnectionManager -- Releasing connection org.apache.http.impl.conn.ManagedClientConnectionImpl@70091872
  When I submit employee form with the following data:                                                         # steps.EmployeeFormSteps.iSubmitEmployeeFormWithTheFollowingData(io.cucumber.datatable.DataTable)
    | field         | value                |
    | name          | Jane Doe             |
    | email         | invalid-email-format |
    | contactNumber | +1-555-123-4567      |
    | position      | Product Manager      |
      java.net.ConnectException: Connection refused
	at java.base/sun.nio.ch.Net.connect0(Native Method)
	at java.base/sun.nio.ch.Net.connect(Net.java:535)
	at java.base/sun.nio.ch.Net.connect(Net.java:524)
	at java.base/sun.nio.ch.NioSocketImpl.connect(NioSocketImpl.java:574)
	at java.base/java.net.SocksSocketImpl.connect(SocksSocketImpl.java:282)
	at java.base/java.net.Socket.connect(Socket.java:665)
	at org.apache.http.conn.scheme.PlainSocketFactory.connectSocket(PlainSocketFactory.java:121)
	at org.apache.http.impl.conn.DefaultClientConnectionOperator.openConnection(DefaultClientConnectionOperator.java:180)
	at org.apache.http.impl.conn.ManagedClientConnectionImpl.open(ManagedClientConnectionImpl.java:326)
	at org.apache.http.impl.client.DefaultRequestDirector.tryConnect(DefaultRequestDirector.java:605)
	at org.apache.http.impl.client.DefaultRequestDirector.execute(DefaultRequestDirector.java:440)
	at org.apache.http.impl.client.AbstractHttpClient.doExecute(AbstractHttpClient.java:835)
	at org.apache.http.impl.client.CloseableHttpClient.execute(CloseableHttpClient.java:83)
	at io.restassured.internal.RestAssuredHttpBuilder.doRequest(RestAssuredHttpBuilder.java:141)
	at io.restassured.internal.http.HTTPBuilder.post(HTTPBuilder.java:349)
	at io.restassured.internal.http.HTTPBuilder$post$2.call(Unknown Source)
	at io.restassured.internal.RequestSpecificationImpl.sendRequest(RequestSpecificationImpl.groovy:1209)
	at io.restassured.internal.RequestSpecificationImpl.this$2$sendRequest(RequestSpecificationImpl.groovy)
	at java.base/jdk.internal.reflect.DirectMethodHandleAccessor.invoke(DirectMethodHandleAccessor.java:104)
	at java.base/java.lang.reflect.Method.invoke(Method.java:565)
	at org.codehaus.groovy.reflection.CachedMethod.invoke(CachedMethod.java:343)
	at groovy.lang.MetaMethod.doMethodInvoke(MetaMethod.java:328)
	at groovy.lang.MetaClassImpl.doInvokeMethod(MetaClassImpl.java:1333)
	at groovy.lang.MetaClassImpl.invokeMethod(MetaClassImpl.java:1088)
	at groovy.lang.MetaClassImpl.invokeMethod(MetaClassImpl.java:1007)
	at groovy.lang.MetaClassImpl.invokeMethod(MetaClassImpl.java:790)
	at io.restassured.internal.RequestSpecificationImpl.invokeMethod(RequestSpecificationImpl.groovy)
	at org.codehaus.groovy.runtime.callsite.PogoInterceptableSite.call(PogoInterceptableSite.java:46)
	at org.codehaus.groovy.runtime.callsite.AbstractCallSite.call(AbstractCallSite.java:166)
	at io.restassured.internal.filter.SendRequestFilter.filter(SendRequestFilter.groovy:30)
	at io.restassured.filter.Filter$filter.call(Unknown Source)
	at org.codehaus.groovy.runtime.callsite.CallSiteArray.defaultCall(CallSiteArray.java:45)
	at io.restassured.filter.Filter$filter$0.call(Unknown Source)
	at io.restassured.internal.filter.FilterContextImpl.next(FilterContextImpl.groovy:72)
	at io.restassured.filter.time.TimingFilter.filter(TimingFilter.java:56)
	at io.restassured.filter.Filter$filter$0.call(Unknown Source)
	at org.codehaus.groovy.runtime.callsite.CallSiteArray.defaultCall(CallSiteArray.java:45)
	at io.restassured.filter.Filter$filter.call(Unknown Source)
	at io.restassured.internal.filter.FilterContextImpl.next(FilterContextImpl.groovy:72)
	at io.restassured.filter.FilterContext$next.call(Unknown Source)
	at io.restassured.internal.filter.CsrfFilter.filter(CsrfFilter.groovy:70)
	at io.restassured.filter.Filter$filter.call(Unknown Source)
	at org.codehaus.groovy.runtime.callsite.CallSiteArray.defaultCall(CallSiteArray.java:45)
	at io.restassured.filter.Filter$filter.call(Unknown Source)
	at io.restassured.internal.filter.FilterContextImpl.next(FilterContextImpl.groovy:72)
	at io.restassured.filter.FilterContext$next.call(Unknown Source)
	at io.restassured.internal.RequestSpecificationImpl.applyPathParamsAndSendRequest(RequestSpecificationImpl.groovy:1704)
	at io.restassured.internal.RequestSpecificationImpl.this$2$applyPathParamsAndSendRequest(RequestSpecificationImpl.groovy)
	at java.base/jdk.internal.reflect.DirectMethodHandleAccessor.invoke(DirectMethodHandleAccessor.java:104)
	at java.base/java.lang.reflect.Method.invoke(Method.java:565)
	at org.codehaus.groovy.reflection.CachedMethod.invoke(CachedMethod.java:343)
	at groovy.lang.MetaMethod.doMethodInvoke(MetaMethod.java:328)
	at groovy.lang.MetaClassImpl.doInvokeMethod(MetaClassImpl.java:1333)
	at groovy.lang.MetaClassImpl.invokeMethod(MetaClassImpl.java:1088)
	at groovy.lang.MetaClassImpl.invokeMethod(MetaClassImpl.java:1007)
	at groovy.lang.MetaClassImpl.invokeMethod(MetaClassImpl.java:790)
	at io.restassured.internal.RequestSpecificationImpl.invokeMethod(RequestSpecificationImpl.groovy)
	at org.codehaus.groovy.runtime.callsite.PogoInterceptableSite.call(PogoInterceptableSite.java:46)
	at org.codehaus.groovy.runtime.callsite.PogoInterceptableSite.callCurrent(PogoInterceptableSite.java:57)
	at org.codehaus.groovy.runtime.callsite.AbstractCallSite.callCurrent(AbstractCallSite.java:203)
	at io.restassured.internal.RequestSpecificationImpl.applyPathParamsAndSendRequest(RequestSpecificationImpl.groovy:1710)
	at io.restassured.internal.RequestSpecificationImpl.this$2$applyPathParamsAndSendRequest(RequestSpecificationImpl.groovy)
	at java.base/jdk.internal.reflect.DirectMethodHandleAccessor.invoke(DirectMethodHandleAccessor.java:104)
	at java.base/java.lang.reflect.Method.invoke(Method.java:565)
	at org.codehaus.groovy.reflection.CachedMethod.invoke(CachedMethod.java:343)
	at groovy.lang.MetaMethod.doMethodInvoke(MetaMethod.java:328)
	at groovy.lang.MetaClassImpl.doInvokeMethod(MetaClassImpl.java:1333)
	at groovy.lang.MetaClassImpl.invokeMethod(MetaClassImpl.java:1088)
	at groovy.lang.MetaClassImpl.invokeMethod(MetaClassImpl.java:1007)
	at groovy.lang.MetaClassImpl.invokeMethod(MetaClassImpl.java:790)
	at io.restassured.internal.RequestSpecificationImpl.invokeMethod(RequestSpecificationImpl.groovy)
	at org.codehaus.groovy.runtime.callsite.PogoInterceptableSite.call(PogoInterceptableSite.java:46)
	at org.codehaus.groovy.runtime.callsite.PogoInterceptableSite.callCurrent(PogoInterceptableSite.java:57)
	at org.codehaus.groovy.runtime.callsite.AbstractCallSite.callCurrent(AbstractCallSite.java:203)
	at io.restassured.internal.RequestSpecificationImpl.post(RequestSpecificationImpl.groovy:176)
	at io.restassured.internal.RequestSpecificationImpl.post(RequestSpecificationImpl.groovy)
	at steps.EmployeeFormSteps.iSubmitEmployeeFormWithTheFollowingData(EmployeeFormSteps.java:64)
	at ✽.I submit employee form with the following data:(classpath:features/employee_form.feature:23)

  Then the response status code should be 400                                                                  # steps.EmployeeFormSteps.theResponseStatusCodeShouldBe400()
  And the response should contain validation error message                                                     # steps.EmployeeFormSteps.theResponseShouldContainValidationErrorMessage()
  And the error message should mention email validation                                                        # steps.EmployeeFormSteps.theErrorMessageShouldMentionEmailValidation()

@negative @validation
Scenario: Submit form with short name                                                                          # features/employee_form.feature:34
API Endpoint set to: http://localhost:8080/SpringMvcHelloWorld/api/employee
  Given the employee registration API is available at "http://localhost:8080/SpringMvcHelloWorld/api/employee" # steps.EmployeeFormSteps.theEmployeeRegistrationAPIIsAvailableAt(java.lang.String)
21:09:10.453 [main] DEBUG org.apache.http.impl.conn.BasicClientConnectionManager -- Get connection for route {}->http://localhost:8080
21:09:10.453 [main] DEBUG org.apache.http.impl.conn.DefaultClientConnectionOperator -- Connecting to localhost:8080
21:09:10.453 [main] DEBUG org.apache.http.impl.conn.DefaultClientConnectionOperator -- Connect to localhost:8080 timed out. Connection will be retried using another IP address
21:09:10.453 [main] DEBUG org.apache.http.impl.conn.DefaultClientConnectionOperator -- Connecting to localhost:8080
21:09:10.453 [main] DEBUG org.apache.http.impl.conn.DefaultClientConnection -- Connection org.apache.http.impl.conn.DefaultClientConnection@7c0df4ab closed
21:09:10.453 [main] DEBUG org.apache.http.impl.conn.DefaultClientConnection -- Connection org.apache.http.impl.conn.DefaultClientConnection@7c0df4ab shut down
21:09:10.453 [main] DEBUG org.apache.http.impl.conn.BasicClientConnectionManager -- Releasing connection org.apache.http.impl.conn.ManagedClientConnectionImpl@2e362407
  When I submit employee form with the following data:                                                         # steps.EmployeeFormSteps.iSubmitEmployeeFormWithTheFollowingData(io.cucumber.datatable.DataTable)
    | field         | value           |
    | name          | J               |
    | email         | j@company.com   |
    | contactNumber | +1-555-123-4567 |
    | position      | Developer       |
      java.net.ConnectException: Connection refused
	at java.base/sun.nio.ch.Net.connect0(Native Method)
	at java.base/sun.nio.ch.Net.connect(Net.java:535)
	at java.base/sun.nio.ch.Net.connect(Net.java:524)
	at java.base/sun.nio.ch.NioSocketImpl.connect(NioSocketImpl.java:574)
	at java.base/java.net.SocksSocketImpl.connect(SocksSocketImpl.java:282)
	at java.base/java.net.Socket.connect(Socket.java:665)
	at org.apache.http.conn.scheme.PlainSocketFactory.connectSocket(PlainSocketFactory.java:121)
	at org.apache.http.impl.conn.DefaultClientConnectionOperator.openConnection(DefaultClientConnectionOperator.java:180)
	at org.apache.http.impl.conn.ManagedClientConnectionImpl.open(ManagedClientConnectionImpl.java:326)
	at org.apache.http.impl.client.DefaultRequestDirector.tryConnect(DefaultRequestDirector.java:605)
	at org.apache.http.impl.client.DefaultRequestDirector.execute(DefaultRequestDirector.java:440)
	at org.apache.http.impl.client.AbstractHttpClient.doExecute(AbstractHttpClient.java:835)
	at org.apache.http.impl.client.CloseableHttpClient.execute(CloseableHttpClient.java:83)
	at io.restassured.internal.RestAssuredHttpBuilder.doRequest(RestAssuredHttpBuilder.java:141)
	at io.restassured.internal.http.HTTPBuilder.post(HTTPBuilder.java:349)
	at io.restassured.internal.http.HTTPBuilder$post$2.call(Unknown Source)
	at io.restassured.internal.RequestSpecificationImpl.sendRequest(RequestSpecificationImpl.groovy:1209)
	at io.restassured.internal.RequestSpecificationImpl.this$2$sendRequest(RequestSpecificationImpl.groovy)
	at java.base/jdk.internal.reflect.DirectMethodHandleAccessor.invoke(DirectMethodHandleAccessor.java:104)
	at java.base/java.lang.reflect.Method.invoke(Method.java:565)
	at org.codehaus.groovy.reflection.CachedMethod.invoke(CachedMethod.java:343)
	at groovy.lang.MetaMethod.doMethodInvoke(MetaMethod.java:328)
	at groovy.lang.MetaClassImpl.doInvokeMethod(MetaClassImpl.java:1333)
	at groovy.lang.MetaClassImpl.invokeMethod(MetaClassImpl.java:1088)
	at groovy.lang.MetaClassImpl.invokeMethod(MetaClassImpl.java:1007)
	at groovy.lang.MetaClassImpl.invokeMethod(MetaClassImpl.java:790)
	at io.restassured.internal.RequestSpecificationImpl.invokeMethod(RequestSpecificationImpl.groovy)
	at org.codehaus.groovy.runtime.callsite.PogoInterceptableSite.call(PogoInterceptableSite.java:46)
	at org.codehaus.groovy.runtime.callsite.AbstractCallSite.call(AbstractCallSite.java:166)
	at io.restassured.internal.filter.SendRequestFilter.filter(SendRequestFilter.groovy:30)
	at io.restassured.filter.Filter$filter.call(Unknown Source)
	at org.codehaus.groovy.runtime.callsite.CallSiteArray.defaultCall(CallSiteArray.java:45)
	at io.restassured.filter.Filter$filter$0.call(Unknown Source)
	at io.restassured.internal.filter.FilterContextImpl.next(FilterContextImpl.groovy:72)
	at io.restassured.filter.time.TimingFilter.filter(TimingFilter.java:56)
	at io.restassured.filter.Filter$filter$0.call(Unknown Source)
	at org.codehaus.groovy.runtime.callsite.CallSiteArray.defaultCall(CallSiteArray.java:45)
	at io.restassured.filter.Filter$filter.call(Unknown Source)
	at io.restassured.internal.filter.FilterContextImpl.next(FilterContextImpl.groovy:72)
	at io.restassured.filter.FilterContext$next.call(Unknown Source)
	at io.restassured.internal.filter.CsrfFilter.filter(CsrfFilter.groovy:70)
	at io.restassured.filter.Filter$filter.call(Unknown Source)
	at org.codehaus.groovy.runtime.callsite.CallSiteArray.defaultCall(CallSiteArray.java:45)
	at io.restassured.filter.Filter$filter.call(Unknown Source)
	at io.restassured.internal.filter.FilterContextImpl.next(FilterContextImpl.groovy:72)
	at io.restassured.filter.FilterContext$next.call(Unknown Source)
	at io.restassured.internal.RequestSpecificationImpl.applyPathParamsAndSendRequest(RequestSpecificationImpl.groovy:1704)
	at io.restassured.internal.RequestSpecificationImpl.this$2$applyPathParamsAndSendRequest(RequestSpecificationImpl.groovy)
	at java.base/jdk.internal.reflect.DirectMethodHandleAccessor.invoke(DirectMethodHandleAccessor.java:104)
	at java.base/java.lang.reflect.Method.invoke(Method.java:565)
	at org.codehaus.groovy.reflection.CachedMethod.invoke(CachedMethod.java:343)
	at groovy.lang.MetaMethod.doMethodInvoke(MetaMethod.java:328)
	at groovy.lang.MetaClassImpl.doInvokeMethod(MetaClassImpl.java:1333)
	at groovy.lang.MetaClassImpl.invokeMethod(MetaClassImpl.java:1088)
	at groovy.lang.MetaClassImpl.invokeMethod(MetaClassImpl.java:1007)
	at groovy.lang.MetaClassImpl.invokeMethod(MetaClassImpl.java:790)
	at io.restassured.internal.RequestSpecificationImpl.invokeMethod(RequestSpecificationImpl.groovy)
	at org.codehaus.groovy.runtime.callsite.PogoInterceptableSite.call(PogoInterceptableSite.java:46)
	at org.codehaus.groovy.runtime.callsite.PogoInterceptableSite.callCurrent(PogoInterceptableSite.java:57)
	at org.codehaus.groovy.runtime.callsite.AbstractCallSite.callCurrent(AbstractCallSite.java:203)
	at io.restassured.internal.RequestSpecificationImpl.applyPathParamsAndSendRequest(RequestSpecificationImpl.groovy:1710)
	at io.restassured.internal.RequestSpecificationImpl.this$2$applyPathParamsAndSendRequest(RequestSpecificationImpl.groovy)
	at java.base/jdk.internal.reflect.DirectMethodHandleAccessor.invoke(DirectMethodHandleAccessor.java:104)
	at java.base/java.lang.reflect.Method.invoke(Method.java:565)
	at org.codehaus.groovy.reflection.CachedMethod.invoke(CachedMethod.java:343)
	at groovy.lang.MetaMethod.doMethodInvoke(MetaMethod.java:328)
	at groovy.lang.MetaClassImpl.doInvokeMethod(MetaClassImpl.java:1333)
	at groovy.lang.MetaClassImpl.invokeMethod(MetaClassImpl.java:1088)
	at groovy.lang.MetaClassImpl.invokeMethod(MetaClassImpl.java:1007)
	at groovy.lang.MetaClassImpl.invokeMethod(MetaClassImpl.java:790)
	at io.restassured.internal.RequestSpecificationImpl.invokeMethod(RequestSpecificationImpl.groovy)
	at org.codehaus.groovy.runtime.callsite.PogoInterceptableSite.call(PogoInterceptableSite.java:46)
	at org.codehaus.groovy.runtime.callsite.PogoInterceptableSite.callCurrent(PogoInterceptableSite.java:57)
	at org.codehaus.groovy.runtime.callsite.AbstractCallSite.callCurrent(AbstractCallSite.java:203)
	at io.restassured.internal.RequestSpecificationImpl.post(RequestSpecificationImpl.groovy:176)
	at io.restassured.internal.RequestSpecificationImpl.post(RequestSpecificationImpl.groovy)
	at steps.EmployeeFormSteps.iSubmitEmployeeFormWithTheFollowingData(EmployeeFormSteps.java:64)
	at ✽.I submit employee form with the following data:(classpath:features/employee_form.feature:35)

  Then the response status code should be 400                                                                  # steps.EmployeeFormSteps.theResponseStatusCodeShouldBe400()
  And the response should contain validation error message                                                     # steps.EmployeeFormSteps.theResponseShouldContainValidationErrorMessage()
  And the error message should mention name length validation                                                  # steps.EmployeeFormSteps.theErrorMessageShouldMentionNameLengthValidation()

@negative @validation
Scenario: Submit form with invalid phone number                                                                # features/employee_form.feature:46
API Endpoint set to: http://localhost:8080/SpringMvcHelloWorld/api/employee
  Given the employee registration API is available at "http://localhost:8080/SpringMvcHelloWorld/api/employee" # steps.EmployeeFormSteps.theEmployeeRegistrationAPIIsAvailableAt(java.lang.String)
21:09:10.463 [main] DEBUG org.apache.http.impl.conn.BasicClientConnectionManager -- Get connection for route {}->http://localhost:8080
21:09:10.463 [main] DEBUG org.apache.http.impl.conn.DefaultClientConnectionOperator -- Connecting to localhost:8080
21:09:10.463 [main] DEBUG org.apache.http.impl.conn.DefaultClientConnectionOperator -- Connect to localhost:8080 timed out. Connection will be retried using another IP address
21:09:10.463 [main] DEBUG org.apache.http.impl.conn.DefaultClientConnectionOperator -- Connecting to localhost:8080
21:09:10.463 [main] DEBUG org.apache.http.impl.conn.DefaultClientConnection -- Connection org.apache.http.impl.conn.DefaultClientConnection@48cdb156 closed
21:09:10.464 [main] DEBUG org.apache.http.impl.conn.DefaultClientConnection -- Connection org.apache.http.impl.conn.DefaultClientConnection@48cdb156 shut down
21:09:10.464 [main] DEBUG org.apache.http.impl.conn.BasicClientConnectionManager -- Releasing connection org.apache.http.impl.conn.ManagedClientConnectionImpl@4b4814d0
  When I submit employee form with the following data:                                                         # steps.EmployeeFormSteps.iSubmitEmployeeFormWithTheFollowingData(io.cucumber.datatable.DataTable)
    | field         | value                  |
    | name          | John Smith             |
    | email         | john.smith@company.com |
    | contactNumber | abc123                 |
    | position      | Engineer               |
      java.net.ConnectException: Connection refused
	at java.base/sun.nio.ch.Net.connect0(Native Method)
	at java.base/sun.nio.ch.Net.connect(Net.java:535)
	at java.base/sun.nio.ch.Net.connect(Net.java:524)
	at java.base/sun.nio.ch.NioSocketImpl.connect(NioSocketImpl.java:574)
	at java.base/java.net.SocksSocketImpl.connect(SocksSocketImpl.java:282)
	at java.base/java.net.Socket.connect(Socket.java:665)
	at org.apache.http.conn.scheme.PlainSocketFactory.connectSocket(PlainSocketFactory.java:121)
	at org.apache.http.impl.conn.DefaultClientConnectionOperator.openConnection(DefaultClientConnectionOperator.java:180)
	at org.apache.http.impl.conn.ManagedClientConnectionImpl.open(ManagedClientConnectionImpl.java:326)
	at org.apache.http.impl.client.DefaultRequestDirector.tryConnect(DefaultRequestDirector.java:605)
	at org.apache.http.impl.client.DefaultRequestDirector.execute(DefaultRequestDirector.java:440)
	at org.apache.http.impl.client.AbstractHttpClient.doExecute(AbstractHttpClient.java:835)
	at org.apache.http.impl.client.CloseableHttpClient.execute(CloseableHttpClient.java:83)
	at io.restassured.internal.RestAssuredHttpBuilder.doRequest(RestAssuredHttpBuilder.java:141)
	at io.restassured.internal.http.HTTPBuilder.post(HTTPBuilder.java:349)
	at io.restassured.internal.http.HTTPBuilder$post$2.call(Unknown Source)
	at io.restassured.internal.RequestSpecificationImpl.sendRequest(RequestSpecificationImpl.groovy:1209)
	at io.restassured.internal.RequestSpecificationImpl.this$2$sendRequest(RequestSpecificationImpl.groovy)
	at java.base/jdk.internal.reflect.DirectMethodHandleAccessor.invoke(DirectMethodHandleAccessor.java:104)
	at java.base/java.lang.reflect.Method.invoke(Method.java:565)
	at org.codehaus.groovy.reflection.CachedMethod.invoke(CachedMethod.java:343)
	at groovy.lang.MetaMethod.doMethodInvoke(MetaMethod.java:328)
	at groovy.lang.MetaClassImpl.doInvokeMethod(MetaClassImpl.java:1333)
	at groovy.lang.MetaClassImpl.invokeMethod(MetaClassImpl.java:1088)
	at groovy.lang.MetaClassImpl.invokeMethod(MetaClassImpl.java:1007)
	at groovy.lang.MetaClassImpl.invokeMethod(MetaClassImpl.java:790)
	at io.restassured.internal.RequestSpecificationImpl.invokeMethod(RequestSpecificationImpl.groovy)
	at org.codehaus.groovy.runtime.callsite.PogoInterceptableSite.call(PogoInterceptableSite.java:46)
	at org.codehaus.groovy.runtime.callsite.AbstractCallSite.call(AbstractCallSite.java:166)
	at io.restassured.internal.filter.SendRequestFilter.filter(SendRequestFilter.groovy:30)
	at io.restassured.filter.Filter$filter.call(Unknown Source)
	at org.codehaus.groovy.runtime.callsite.CallSiteArray.defaultCall(CallSiteArray.java:45)
	at io.restassured.filter.Filter$filter$0.call(Unknown Source)
	at io.restassured.internal.filter.FilterContextImpl.next(FilterContextImpl.groovy:72)
	at io.restassured.filter.time.TimingFilter.filter(TimingFilter.java:56)
	at io.restassured.filter.Filter$filter$0.call(Unknown Source)
	at org.codehaus.groovy.runtime.callsite.CallSiteArray.defaultCall(CallSiteArray.java:45)
	at io.restassured.filter.Filter$filter.call(Unknown Source)
	at io.restassured.internal.filter.FilterContextImpl.next(FilterContextImpl.groovy:72)
	at io.restassured.filter.FilterContext$next.call(Unknown Source)
	at io.restassured.internal.filter.CsrfFilter.filter(CsrfFilter.groovy:70)
	at io.restassured.filter.Filter$filter.call(Unknown Source)
	at org.codehaus.groovy.runtime.callsite.CallSiteArray.defaultCall(CallSiteArray.java:45)
	at io.restassured.filter.Filter$filter.call(Unknown Source)
	at io.restassured.internal.filter.FilterContextImpl.next(FilterContextImpl.groovy:72)
	at io.restassured.filter.FilterContext$next.call(Unknown Source)
	at io.restassured.internal.RequestSpecificationImpl.applyPathParamsAndSendRequest(RequestSpecificationImpl.groovy:1704)
	at io.restassured.internal.RequestSpecificationImpl.this$2$applyPathParamsAndSendRequest(RequestSpecificationImpl.groovy)
	at java.base/jdk.internal.reflect.DirectMethodHandleAccessor.invoke(DirectMethodHandleAccessor.java:104)
	at java.base/java.lang.reflect.Method.invoke(Method.java:565)
	at org.codehaus.groovy.reflection.CachedMethod.invoke(CachedMethod.java:343)
	at groovy.lang.MetaMethod.doMethodInvoke(MetaMethod.java:328)
	at groovy.lang.MetaClassImpl.doInvokeMethod(MetaClassImpl.java:1333)
	at groovy.lang.MetaClassImpl.invokeMethod(MetaClassImpl.java:1088)
	at groovy.lang.MetaClassImpl.invokeMethod(MetaClassImpl.java:1007)
	at groovy.lang.MetaClassImpl.invokeMethod(MetaClassImpl.java:790)
	at io.restassured.internal.RequestSpecificationImpl.invokeMethod(RequestSpecificationImpl.groovy)
	at org.codehaus.groovy.runtime.callsite.PogoInterceptableSite.call(PogoInterceptableSite.java:46)
	at org.codehaus.groovy.runtime.callsite.PogoInterceptableSite.callCurrent(PogoInterceptableSite.java:57)
	at org.codehaus.groovy.runtime.callsite.AbstractCallSite.callCurrent(AbstractCallSite.java:203)
	at io.restassured.internal.RequestSpecificationImpl.applyPathParamsAndSendRequest(RequestSpecificationImpl.groovy:1710)
	at io.restassured.internal.RequestSpecificationImpl.this$2$applyPathParamsAndSendRequest(RequestSpecificationImpl.groovy)
	at java.base/jdk.internal.reflect.DirectMethodHandleAccessor.invoke(DirectMethodHandleAccessor.java:104)
	at java.base/java.lang.reflect.Method.invoke(Method.java:565)
	at org.codehaus.groovy.reflection.CachedMethod.invoke(CachedMethod.java:343)
	at groovy.lang.MetaMethod.doMethodInvoke(MetaMethod.java:328)
	at groovy.lang.MetaClassImpl.doInvokeMethod(MetaClassImpl.java:1333)
	at groovy.lang.MetaClassImpl.invokeMethod(MetaClassImpl.java:1088)
	at groovy.lang.MetaClassImpl.invokeMethod(MetaClassImpl.java:1007)
	at groovy.lang.MetaClassImpl.invokeMethod(MetaClassImpl.java:790)
	at io.restassured.internal.RequestSpecificationImpl.invokeMethod(RequestSpecificationImpl.groovy)
	at org.codehaus.groovy.runtime.callsite.PogoInterceptableSite.call(PogoInterceptableSite.java:46)
	at org.codehaus.groovy.runtime.callsite.PogoInterceptableSite.callCurrent(PogoInterceptableSite.java:57)
	at org.codehaus.groovy.runtime.callsite.AbstractCallSite.callCurrent(AbstractCallSite.java:203)
	at io.restassured.internal.RequestSpecificationImpl.post(RequestSpecificationImpl.groovy:176)
	at io.restassured.internal.RequestSpecificationImpl.post(RequestSpecificationImpl.groovy)
	at steps.EmployeeFormSteps.iSubmitEmployeeFormWithTheFollowingData(EmployeeFormSteps.java:64)
	at ✽.I submit employee form with the following data:(classpath:features/employee_form.feature:47)

  Then the response status code should be 400                                                                  # steps.EmployeeFormSteps.theResponseStatusCodeShouldBe400()
  And the response should contain validation error message                                                     # steps.EmployeeFormSteps.theResponseShouldContainValidationErrorMessage()
  And the error message should mention contact number validation                                               # steps.EmployeeFormSteps.theErrorMessageShouldMentionContactNumberValidation()

@negative @validation
Scenario: Submit form with blank position                                                                      # features/employee_form.feature:58
API Endpoint set to: http://localhost:8080/SpringMvcHelloWorld/api/employee
  Given the employee registration API is available at "http://localhost:8080/SpringMvcHelloWorld/api/employee" # steps.EmployeeFormSteps.theEmployeeRegistrationAPIIsAvailableAt(java.lang.String)
21:09:10.471 [main] DEBUG org.apache.http.impl.conn.BasicClientConnectionManager -- Get connection for route {}->http://localhost:8080
21:09:10.471 [main] DEBUG org.apache.http.impl.conn.DefaultClientConnectionOperator -- Connecting to localhost:8080
21:09:10.471 [main] DEBUG org.apache.http.impl.conn.DefaultClientConnectionOperator -- Connect to localhost:8080 timed out. Connection will be retried using another IP address
21:09:10.471 [main] DEBUG org.apache.http.impl.conn.DefaultClientConnectionOperator -- Connecting to localhost:8080
21:09:10.471 [main] DEBUG org.apache.http.impl.conn.DefaultClientConnection -- Connection org.apache.http.impl.conn.DefaultClientConnection@2b441e56 closed
21:09:10.471 [main] DEBUG org.apache.http.impl.conn.DefaultClientConnection -- Connection org.apache.http.impl.conn.DefaultClientConnection@2b441e56 shut down
21:09:10.471 [main] DEBUG org.apache.http.impl.conn.BasicClientConnectionManager -- Releasing connection org.apache.http.impl.conn.ManagedClientConnectionImpl@267891bf
  When I submit employee form with the following data:                                                         # steps.EmployeeFormSteps.iSubmitEmployeeFormWithTheFollowingData(io.cucumber.datatable.DataTable)
    | field         | value                     |
    | name          | Alice Johnson             |
    | email         | alice.johnson@company.com |
    | contactNumber | +1-555-123-4567           |
    | position      | [empty]                   |
      java.net.ConnectException: Connection refused
	at java.base/sun.nio.ch.Net.connect0(Native Method)
	at java.base/sun.nio.ch.Net.connect(Net.java:535)
	at java.base/sun.nio.ch.Net.connect(Net.java:524)
	at java.base/sun.nio.ch.NioSocketImpl.connect(NioSocketImpl.java:574)
	at java.base/java.net.SocksSocketImpl.connect(SocksSocketImpl.java:282)
	at java.base/java.net.Socket.connect(Socket.java:665)
	at org.apache.http.conn.scheme.PlainSocketFactory.connectSocket(PlainSocketFactory.java:121)
	at org.apache.http.impl.conn.DefaultClientConnectionOperator.openConnection(DefaultClientConnectionOperator.java:180)
	at org.apache.http.impl.conn.ManagedClientConnectionImpl.open(ManagedClientConnectionImpl.java:326)
	at org.apache.http.impl.client.DefaultRequestDirector.tryConnect(DefaultRequestDirector.java:605)
	at org.apache.http.impl.client.DefaultRequestDirector.execute(DefaultRequestDirector.java:440)
	at org.apache.http.impl.client.AbstractHttpClient.doExecute(AbstractHttpClient.java:835)
	at org.apache.http.impl.client.CloseableHttpClient.execute(CloseableHttpClient.java:83)
	at io.restassured.internal.RestAssuredHttpBuilder.doRequest(RestAssuredHttpBuilder.java:141)
	at io.restassured.internal.http.HTTPBuilder.post(HTTPBuilder.java:349)
	at io.restassured.internal.http.HTTPBuilder$post$2.call(Unknown Source)
	at io.restassured.internal.RequestSpecificationImpl.sendRequest(RequestSpecificationImpl.groovy:1209)
	at io.restassured.internal.RequestSpecificationImpl.this$2$sendRequest(RequestSpecificationImpl.groovy)
	at java.base/jdk.internal.reflect.DirectMethodHandleAccessor.invoke(DirectMethodHandleAccessor.java:104)
	at java.base/java.lang.reflect.Method.invoke(Method.java:565)
	at org.codehaus.groovy.reflection.CachedMethod.invoke(CachedMethod.java:343)
	at groovy.lang.MetaMethod.doMethodInvoke(MetaMethod.java:328)
	at groovy.lang.MetaClassImpl.doInvokeMethod(MetaClassImpl.java:1333)
	at groovy.lang.MetaClassImpl.invokeMethod(MetaClassImpl.java:1088)
	at groovy.lang.MetaClassImpl.invokeMethod(MetaClassImpl.java:1007)
	at groovy.lang.MetaClassImpl.invokeMethod(MetaClassImpl.java:790)
	at io.restassured.internal.RequestSpecificationImpl.invokeMethod(RequestSpecificationImpl.groovy)
	at org.codehaus.groovy.runtime.callsite.PogoInterceptableSite.call(PogoInterceptableSite.java:46)
	at org.codehaus.groovy.runtime.callsite.AbstractCallSite.call(AbstractCallSite.java:166)
	at io.restassured.internal.filter.SendRequestFilter.filter(SendRequestFilter.groovy:30)
	at io.restassured.filter.Filter$filter.call(Unknown Source)
	at org.codehaus.groovy.runtime.callsite.CallSiteArray.defaultCall(CallSiteArray.java:45)
	at io.restassured.filter.Filter$filter$0.call(Unknown Source)
	at io.restassured.internal.filter.FilterContextImpl.next(FilterContextImpl.groovy:72)
	at io.restassured.filter.time.TimingFilter.filter(TimingFilter.java:56)
	at io.restassured.filter.Filter$filter$0.call(Unknown Source)
	at org.codehaus.groovy.runtime.callsite.CallSiteArray.defaultCall(CallSiteArray.java:45)
	at io.restassured.filter.Filter$filter.call(Unknown Source)
	at io.restassured.internal.filter.FilterContextImpl.next(FilterContextImpl.groovy:72)
	at io.restassured.filter.FilterContext$next.call(Unknown Source)
	at io.restassured.internal.filter.CsrfFilter.filter(CsrfFilter.groovy:70)
	at io.restassured.filter.Filter$filter.call(Unknown Source)
	at org.codehaus.groovy.runtime.callsite.CallSiteArray.defaultCall(CallSiteArray.java:45)
	at io.restassured.filter.Filter$filter.call(Unknown Source)
	at io.restassured.internal.filter.FilterContextImpl.next(FilterContextImpl.groovy:72)
	at io.restassured.filter.FilterContext$next.call(Unknown Source)
	at io.restassured.internal.RequestSpecificationImpl.applyPathParamsAndSendRequest(RequestSpecificationImpl.groovy:1704)
	at io.restassured.internal.RequestSpecificationImpl.this$2$applyPathParamsAndSendRequest(RequestSpecificationImpl.groovy)
	at java.base/jdk.internal.reflect.DirectMethodHandleAccessor.invoke(DirectMethodHandleAccessor.java:104)
	at java.base/java.lang.reflect.Method.invoke(Method.java:565)
	at org.codehaus.groovy.reflection.CachedMethod.invoke(CachedMethod.java:343)
	at groovy.lang.MetaMethod.doMethodInvoke(MetaMethod.java:328)
	at groovy.lang.MetaClassImpl.doInvokeMethod(MetaClassImpl.java:1333)
	at groovy.lang.MetaClassImpl.invokeMethod(MetaClassImpl.java:1088)
	at groovy.lang.MetaClassImpl.invokeMethod(MetaClassImpl.java:1007)
	at groovy.lang.MetaClassImpl.invokeMethod(MetaClassImpl.java:790)
	at io.restassured.internal.RequestSpecificationImpl.invokeMethod(RequestSpecificationImpl.groovy)
	at org.codehaus.groovy.runtime.callsite.PogoInterceptableSite.call(PogoInterceptableSite.java:46)
	at org.codehaus.groovy.runtime.callsite.PogoInterceptableSite.callCurrent(PogoInterceptableSite.java:57)
	at org.codehaus.groovy.runtime.callsite.AbstractCallSite.callCurrent(AbstractCallSite.java:203)
	at io.restassured.internal.RequestSpecificationImpl.applyPathParamsAndSendRequest(RequestSpecificationImpl.groovy:1710)
	at io.restassured.internal.RequestSpecificationImpl.this$2$applyPathParamsAndSendRequest(RequestSpecificationImpl.groovy)
	at java.base/jdk.internal.reflect.DirectMethodHandleAccessor.invoke(DirectMethodHandleAccessor.java:104)
	at java.base/java.lang.reflect.Method.invoke(Method.java:565)
	at org.codehaus.groovy.reflection.CachedMethod.invoke(CachedMethod.java:343)
	at groovy.lang.MetaMethod.doMethodInvoke(MetaMethod.java:328)
	at groovy.lang.MetaClassImpl.doInvokeMethod(MetaClassImpl.java:1333)
	at groovy.lang.MetaClassImpl.invokeMethod(MetaClassImpl.java:1088)
	at groovy.lang.MetaClassImpl.invokeMethod(MetaClassImpl.java:1007)
	at groovy.lang.MetaClassImpl.invokeMethod(MetaClassImpl.java:790)
	at io.restassured.internal.RequestSpecificationImpl.invokeMethod(RequestSpecificationImpl.groovy)
	at org.codehaus.groovy.runtime.callsite.PogoInterceptableSite.call(PogoInterceptableSite.java:46)
	at org.codehaus.groovy.runtime.callsite.PogoInterceptableSite.callCurrent(PogoInterceptableSite.java:57)
	at org.codehaus.groovy.runtime.callsite.AbstractCallSite.callCurrent(AbstractCallSite.java:203)
	at io.restassured.internal.RequestSpecificationImpl.post(RequestSpecificationImpl.groovy:176)
	at io.restassured.internal.RequestSpecificationImpl.post(RequestSpecificationImpl.groovy)
	at steps.EmployeeFormSteps.iSubmitEmployeeFormWithTheFollowingData(EmployeeFormSteps.java:64)
	at ✽.I submit employee form with the following data:(classpath:features/employee_form.feature:59)

  Then the response status code should be 400                                                                  # steps.EmployeeFormSteps.theResponseStatusCodeShouldBe400()
  And the response should contain validation error message                                                     # steps.EmployeeFormSteps.theResponseShouldContainValidationErrorMessage()
  And the error message should mention position validation                                                     # steps.EmployeeFormSteps.theErrorMessageShouldMentionPositionValidation()

@positive @boundary
Scenario: Submit form with minimum valid name length                                                           # features/employee_form.feature:70
API Endpoint set to: http://localhost:8080/SpringMvcHelloWorld/api/employee
  Given the employee registration API is available at "http://localhost:8080/SpringMvcHelloWorld/api/employee" # steps.EmployeeFormSteps.theEmployeeRegistrationAPIIsAvailableAt(java.lang.String)
21:09:10.479 [main] DEBUG org.apache.http.impl.conn.BasicClientConnectionManager -- Get connection for route {}->http://localhost:8080
21:09:10.479 [main] DEBUG org.apache.http.impl.conn.DefaultClientConnectionOperator -- Connecting to localhost:8080
21:09:10.479 [main] DEBUG org.apache.http.impl.conn.DefaultClientConnectionOperator -- Connect to localhost:8080 timed out. Connection will be retried using another IP address
21:09:10.479 [main] DEBUG org.apache.http.impl.conn.DefaultClientConnectionOperator -- Connecting to localhost:8080
21:09:10.480 [main] DEBUG org.apache.http.impl.conn.DefaultClientConnection -- Connection org.apache.http.impl.conn.DefaultClientConnection@78b0ec3a closed
21:09:10.480 [main] DEBUG org.apache.http.impl.conn.DefaultClientConnection -- Connection org.apache.http.impl.conn.DefaultClientConnection@78b0ec3a shut down
21:09:10.480 [main] DEBUG org.apache.http.impl.conn.BasicClientConnectionManager -- Releasing connection org.apache.http.impl.conn.ManagedClientConnectionImpl@46612bfc
  When I submit employee form with the following data:                                                         # steps.EmployeeFormSteps.iSubmitEmployeeFormWithTheFollowingData(io.cucumber.datatable.DataTable)
    | field         | value           |
    | name          | Jo              |
    | email         | jo@company.com  |
    | contactNumber | +1-555-123-4567 |
    | position      | Dev             |
      java.net.ConnectException: Connection refused
	at java.base/sun.nio.ch.Net.connect0(Native Method)
	at java.base/sun.nio.ch.Net.connect(Net.java:535)
	at java.base/sun.nio.ch.Net.connect(Net.java:524)
	at java.base/sun.nio.ch.NioSocketImpl.connect(NioSocketImpl.java:574)
	at java.base/java.net.SocksSocketImpl.connect(SocksSocketImpl.java:282)
	at java.base/java.net.Socket.connect(Socket.java:665)
	at org.apache.http.conn.scheme.PlainSocketFactory.connectSocket(PlainSocketFactory.java:121)
	at org.apache.http.impl.conn.DefaultClientConnectionOperator.openConnection(DefaultClientConnectionOperator.java:180)
	at org.apache.http.impl.conn.ManagedClientConnectionImpl.open(ManagedClientConnectionImpl.java:326)
	at org.apache.http.impl.client.DefaultRequestDirector.tryConnect(DefaultRequestDirector.java:605)
	at org.apache.http.impl.client.DefaultRequestDirector.execute(DefaultRequestDirector.java:440)
	at org.apache.http.impl.client.AbstractHttpClient.doExecute(AbstractHttpClient.java:835)
	at org.apache.http.impl.client.CloseableHttpClient.execute(CloseableHttpClient.java:83)
	at io.restassured.internal.RestAssuredHttpBuilder.doRequest(RestAssuredHttpBuilder.java:141)
	at io.restassured.internal.http.HTTPBuilder.post(HTTPBuilder.java:349)
	at io.restassured.internal.http.HTTPBuilder$post$2.call(Unknown Source)
	at io.restassured.internal.RequestSpecificationImpl.sendRequest(RequestSpecificationImpl.groovy:1209)
	at io.restassured.internal.RequestSpecificationImpl.this$2$sendRequest(RequestSpecificationImpl.groovy)
	at java.base/jdk.internal.reflect.DirectMethodHandleAccessor.invoke(DirectMethodHandleAccessor.java:104)
	at java.base/java.lang.reflect.Method.invoke(Method.java:565)
	at org.codehaus.groovy.reflection.CachedMethod.invoke(CachedMethod.java:343)
	at groovy.lang.MetaMethod.doMethodInvoke(MetaMethod.java:328)
	at groovy.lang.MetaClassImpl.doInvokeMethod(MetaClassImpl.java:1333)
	at groovy.lang.MetaClassImpl.invokeMethod(MetaClassImpl.java:1088)
	at groovy.lang.MetaClassImpl.invokeMethod(MetaClassImpl.java:1007)
	at groovy.lang.MetaClassImpl.invokeMethod(MetaClassImpl.java:790)
	at io.restassured.internal.RequestSpecificationImpl.invokeMethod(RequestSpecificationImpl.groovy)
	at org.codehaus.groovy.runtime.callsite.PogoInterceptableSite.call(PogoInterceptableSite.java:46)
	at org.codehaus.groovy.runtime.callsite.AbstractCallSite.call(AbstractCallSite.java:166)
	at io.restassured.internal.filter.SendRequestFilter.filter(SendRequestFilter.groovy:30)
	at io.restassured.filter.Filter$filter.call(Unknown Source)
	at org.codehaus.groovy.runtime.callsite.CallSiteArray.defaultCall(CallSiteArray.java:45)
	at io.restassured.filter.Filter$filter$0.call(Unknown Source)
	at io.restassured.internal.filter.FilterContextImpl.next(FilterContextImpl.groovy:72)
	at io.restassured.filter.time.TimingFilter.filter(TimingFilter.java:56)
	at io.restassured.filter.Filter$filter$0.call(Unknown Source)
	at org.codehaus.groovy.runtime.callsite.CallSiteArray.defaultCall(CallSiteArray.java:45)
	at io.restassured.filter.Filter$filter.call(Unknown Source)
	at io.restassured.internal.filter.FilterContextImpl.next(FilterContextImpl.groovy:72)
	at io.restassured.filter.FilterContext$next.call(Unknown Source)
	at io.restassured.internal.filter.CsrfFilter.filter(CsrfFilter.groovy:70)
	at io.restassured.filter.Filter$filter.call(Unknown Source)
	at org.codehaus.groovy.runtime.callsite.CallSiteArray.defaultCall(CallSiteArray.java:45)
	at io.restassured.filter.Filter$filter.call(Unknown Source)
	at io.restassured.internal.filter.FilterContextImpl.next(FilterContextImpl.groovy:72)
	at io.restassured.filter.FilterContext$next.call(Unknown Source)
	at io.restassured.internal.RequestSpecificationImpl.applyPathParamsAndSendRequest(RequestSpecificationImpl.groovy:1704)
	at io.restassured.internal.RequestSpecificationImpl.this$2$applyPathParamsAndSendRequest(RequestSpecificationImpl.groovy)
	at java.base/jdk.internal.reflect.DirectMethodHandleAccessor.invoke(DirectMethodHandleAccessor.java:104)
	at java.base/java.lang.reflect.Method.invoke(Method.java:565)
	at org.codehaus.groovy.reflection.CachedMethod.invoke(CachedMethod.java:343)
	at groovy.lang.MetaMethod.doMethodInvoke(MetaMethod.java:328)
	at groovy.lang.MetaClassImpl.doInvokeMethod(MetaClassImpl.java:1333)
	at groovy.lang.MetaClassImpl.invokeMethod(MetaClassImpl.java:1088)
	at groovy.lang.MetaClassImpl.invokeMethod(MetaClassImpl.java:1007)
	at groovy.lang.MetaClassImpl.invokeMethod(MetaClassImpl.java:790)
	at io.restassured.internal.RequestSpecificationImpl.invokeMethod(RequestSpecificationImpl.groovy)
	at org.codehaus.groovy.runtime.callsite.PogoInterceptableSite.call(PogoInterceptableSite.java:46)
	at org.codehaus.groovy.runtime.callsite.PogoInterceptableSite.callCurrent(PogoInterceptableSite.java:57)
	at org.codehaus.groovy.runtime.callsite.AbstractCallSite.callCurrent(AbstractCallSite.java:203)
	at io.restassured.internal.RequestSpecificationImpl.applyPathParamsAndSendRequest(RequestSpecificationImpl.groovy:1710)
	at io.restassured.internal.RequestSpecificationImpl.this$2$applyPathParamsAndSendRequest(RequestSpecificationImpl.groovy)
	at java.base/jdk.internal.reflect.DirectMethodHandleAccessor.invoke(DirectMethodHandleAccessor.java:104)
	at java.base/java.lang.reflect.Method.invoke(Method.java:565)
	at org.codehaus.groovy.reflection.CachedMethod.invoke(CachedMethod.java:343)
	at groovy.lang.MetaMethod.doMethodInvoke(MetaMethod.java:328)
	at groovy.lang.MetaClassImpl.doInvokeMethod(MetaClassImpl.java:1333)
	at groovy.lang.MetaClassImpl.invokeMethod(MetaClassImpl.java:1088)
	at groovy.lang.MetaClassImpl.invokeMethod(MetaClassImpl.java:1007)
	at groovy.lang.MetaClassImpl.invokeMethod(MetaClassImpl.java:790)
	at io.restassured.internal.RequestSpecificationImpl.invokeMethod(RequestSpecificationImpl.groovy)
	at org.codehaus.groovy.runtime.callsite.PogoInterceptableSite.call(PogoInterceptableSite.java:46)
	at org.codehaus.groovy.runtime.callsite.PogoInterceptableSite.callCurrent(PogoInterceptableSite.java:57)
	at org.codehaus.groovy.runtime.callsite.AbstractCallSite.callCurrent(AbstractCallSite.java:203)
	at io.restassured.internal.RequestSpecificationImpl.post(RequestSpecificationImpl.groovy:176)
	at io.restassured.internal.RequestSpecificationImpl.post(RequestSpecificationImpl.groovy)
	at steps.EmployeeFormSteps.iSubmitEmployeeFormWithTheFollowingData(EmployeeFormSteps.java:64)
	at ✽.I submit employee form with the following data:(classpath:features/employee_form.feature:71)

  Then the response status code should be 200 or 201                                                           # steps.EmployeeFormSteps.theResponseStatusCodeShouldBe200Or201()
  And the response should contain employee information                                                         # steps.EmployeeFormSteps.theResponseShouldContainEmployeeInformation()

@positive @boundary
Scenario: Submit form with maximum valid name length                                                           # features/employee_form.feature:81
API Endpoint set to: http://localhost:8080/SpringMvcHelloWorld/api/employee
  Given the employee registration API is available at "http://localhost:8080/SpringMvcHelloWorld/api/employee" # steps.EmployeeFormSteps.theEmployeeRegistrationAPIIsAvailableAt(java.lang.String)
21:09:10.487 [main] DEBUG org.apache.http.impl.conn.BasicClientConnectionManager -- Get connection for route {}->http://localhost:8080
21:09:10.487 [main] DEBUG org.apache.http.impl.conn.DefaultClientConnectionOperator -- Connecting to localhost:8080
21:09:10.488 [main] DEBUG org.apache.http.impl.conn.DefaultClientConnectionOperator -- Connect to localhost:8080 timed out. Connection will be retried using another IP address
21:09:10.488 [main] DEBUG org.apache.http.impl.conn.DefaultClientConnectionOperator -- Connecting to localhost:8080
21:09:10.488 [main] DEBUG org.apache.http.impl.conn.DefaultClientConnection -- Connection org.apache.http.impl.conn.DefaultClientConnection@1cde374 closed
21:09:10.488 [main] DEBUG org.apache.http.impl.conn.DefaultClientConnection -- Connection org.apache.http.impl.conn.DefaultClientConnection@1cde374 shut down
21:09:10.488 [main] DEBUG org.apache.http.impl.conn.BasicClientConnectionManager -- Releasing connection org.apache.http.impl.conn.ManagedClientConnectionImpl@6818fd48
  When I submit employee form with the following data:                                                         # steps.EmployeeFormSteps.iSubmitEmployeeFormWithTheFollowingData(io.cucumber.datatable.DataTable)
    | field         | value                                                                                                |
    | name          | AAAAAAAAAAAAAAAAAAAAAAAAAAAAAAAAAAAAAAAAAAAAAAAAAAAAAAAAAAAAAAAAAAAAAAAAAAAAAAAAAAAAAAAAAAAAAAAAAAAA |
    | email         | test@company.com                                                                                     |
    | contactNumber | +1-555-123-4567                                                                                      |
    | position      | Developer                                                                                            |
      java.net.ConnectException: Connection refused
	at java.base/sun.nio.ch.Net.connect0(Native Method)
	at java.base/sun.nio.ch.Net.connect(Net.java:535)
	at java.base/sun.nio.ch.Net.connect(Net.java:524)
	at java.base/sun.nio.ch.NioSocketImpl.connect(NioSocketImpl.java:574)
	at java.base/java.net.SocksSocketImpl.connect(SocksSocketImpl.java:282)
	at java.base/java.net.Socket.connect(Socket.java:665)
	at org.apache.http.conn.scheme.PlainSocketFactory.connectSocket(PlainSocketFactory.java:121)
	at org.apache.http.impl.conn.DefaultClientConnectionOperator.openConnection(DefaultClientConnectionOperator.java:180)
	at org.apache.http.impl.conn.ManagedClientConnectionImpl.open(ManagedClientConnectionImpl.java:326)
	at org.apache.http.impl.client.DefaultRequestDirector.tryConnect(DefaultRequestDirector.java:605)
	at org.apache.http.impl.client.DefaultRequestDirector.execute(DefaultRequestDirector.java:440)
	at org.apache.http.impl.client.AbstractHttpClient.doExecute(AbstractHttpClient.java:835)
	at org.apache.http.impl.client.CloseableHttpClient.execute(CloseableHttpClient.java:83)
	at io.restassured.internal.RestAssuredHttpBuilder.doRequest(RestAssuredHttpBuilder.java:141)
	at io.restassured.internal.http.HTTPBuilder.post(HTTPBuilder.java:349)
	at io.restassured.internal.http.HTTPBuilder$post$2.call(Unknown Source)
	at io.restassured.internal.RequestSpecificationImpl.sendRequest(RequestSpecificationImpl.groovy:1209)
	at io.restassured.internal.RequestSpecificationImpl.this$2$sendRequest(RequestSpecificationImpl.groovy)
	at java.base/jdk.internal.reflect.DirectMethodHandleAccessor.invoke(DirectMethodHandleAccessor.java:104)
	at java.base/java.lang.reflect.Method.invoke(Method.java:565)
	at org.codehaus.groovy.reflection.CachedMethod.invoke(CachedMethod.java:343)
	at groovy.lang.MetaMethod.doMethodInvoke(MetaMethod.java:328)
	at groovy.lang.MetaClassImpl.doInvokeMethod(MetaClassImpl.java:1333)
	at groovy.lang.MetaClassImpl.invokeMethod(MetaClassImpl.java:1088)
	at groovy.lang.MetaClassImpl.invokeMethod(MetaClassImpl.java:1007)
	at groovy.lang.MetaClassImpl.invokeMethod(MetaClassImpl.java:790)
	at io.restassured.internal.RequestSpecificationImpl.invokeMethod(RequestSpecificationImpl.groovy)
	at org.codehaus.groovy.runtime.callsite.PogoInterceptableSite.call(PogoInterceptableSite.java:46)
	at org.codehaus.groovy.runtime.callsite.AbstractCallSite.call(AbstractCallSite.java:166)
	at io.restassured.internal.filter.SendRequestFilter.filter(SendRequestFilter.groovy:30)
	at io.restassured.filter.Filter$filter.call(Unknown Source)
	at org.codehaus.groovy.runtime.callsite.CallSiteArray.defaultCall(CallSiteArray.java:45)
	at io.restassured.filter.Filter$filter$0.call(Unknown Source)
	at io.restassured.internal.filter.FilterContextImpl.next(FilterContextImpl.groovy:72)
	at io.restassured.filter.time.TimingFilter.filter(TimingFilter.java:56)
	at io.restassured.filter.Filter$filter$0.call(Unknown Source)
	at org.codehaus.groovy.runtime.callsite.CallSiteArray.defaultCall(CallSiteArray.java:45)
	at io.restassured.filter.Filter$filter.call(Unknown Source)
	at io.restassured.internal.filter.FilterContextImpl.next(FilterContextImpl.groovy:72)
	at io.restassured.filter.FilterContext$next.call(Unknown Source)
	at io.restassured.internal.filter.CsrfFilter.filter(CsrfFilter.groovy:70)
	at io.restassured.filter.Filter$filter.call(Unknown Source)
	at org.codehaus.groovy.runtime.callsite.CallSiteArray.defaultCall(CallSiteArray.java:45)
	at io.restassured.filter.Filter$filter.call(Unknown Source)
	at io.restassured.internal.filter.FilterContextImpl.next(FilterContextImpl.groovy:72)
	at io.restassured.filter.FilterContext$next.call(Unknown Source)
	at io.restassured.internal.RequestSpecificationImpl.applyPathParamsAndSendRequest(RequestSpecificationImpl.groovy:1704)
	at io.restassured.internal.RequestSpecificationImpl.this$2$applyPathParamsAndSendRequest(RequestSpecificationImpl.groovy)
	at java.base/jdk.internal.reflect.DirectMethodHandleAccessor.invoke(DirectMethodHandleAccessor.java:104)
	at java.base/java.lang.reflect.Method.invoke(Method.java:565)
	at org.codehaus.groovy.reflection.CachedMethod.invoke(CachedMethod.java:343)
	at groovy.lang.MetaMethod.doMethodInvoke(MetaMethod.java:328)
	at groovy.lang.MetaClassImpl.doInvokeMethod(MetaClassImpl.java:1333)
	at groovy.lang.MetaClassImpl.invokeMethod(MetaClassImpl.java:1088)
	at groovy.lang.MetaClassImpl.invokeMethod(MetaClassImpl.java:1007)
	at groovy.lang.MetaClassImpl.invokeMethod(MetaClassImpl.java:790)
	at io.restassured.internal.RequestSpecificationImpl.invokeMethod(RequestSpecificationImpl.groovy)
	at org.codehaus.groovy.runtime.callsite.PogoInterceptableSite.call(PogoInterceptableSite.java:46)
	at org.codehaus.groovy.runtime.callsite.PogoInterceptableSite.callCurrent(PogoInterceptableSite.java:57)
	at org.codehaus.groovy.runtime.callsite.AbstractCallSite.callCurrent(AbstractCallSite.java:203)
	at io.restassured.internal.RequestSpecificationImpl.applyPathParamsAndSendRequest(RequestSpecificationImpl.groovy:1710)
	at io.restassured.internal.RequestSpecificationImpl.this$2$applyPathParamsAndSendRequest(RequestSpecificationImpl.groovy)
	at java.base/jdk.internal.reflect.DirectMethodHandleAccessor.invoke(DirectMethodHandleAccessor.java:104)
	at java.base/java.lang.reflect.Method.invoke(Method.java:565)
	at org.codehaus.groovy.reflection.CachedMethod.invoke(CachedMethod.java:343)
	at groovy.lang.MetaMethod.doMethodInvoke(MetaMethod.java:328)
	at groovy.lang.MetaClassImpl.doInvokeMethod(MetaClassImpl.java:1333)
	at groovy.lang.MetaClassImpl.invokeMethod(MetaClassImpl.java:1088)
	at groovy.lang.MetaClassImpl.invokeMethod(MetaClassImpl.java:1007)
	at groovy.lang.MetaClassImpl.invokeMethod(MetaClassImpl.java:790)
	at io.restassured.internal.RequestSpecificationImpl.invokeMethod(RequestSpecificationImpl.groovy)
	at org.codehaus.groovy.runtime.callsite.PogoInterceptableSite.call(PogoInterceptableSite.java:46)
	at org.codehaus.groovy.runtime.callsite.PogoInterceptableSite.callCurrent(PogoInterceptableSite.java:57)
	at org.codehaus.groovy.runtime.callsite.AbstractCallSite.callCurrent(AbstractCallSite.java:203)
	at io.restassured.internal.RequestSpecificationImpl.post(RequestSpecificationImpl.groovy:176)
	at io.restassured.internal.RequestSpecificationImpl.post(RequestSpecificationImpl.groovy)
	at steps.EmployeeFormSteps.iSubmitEmployeeFormWithTheFollowingData(EmployeeFormSteps.java:64)
	at ✽.I submit employee form with the following data:(classpath:features/employee_form.feature:82)

  Then the response status code should be 200 or 201                                                           # steps.EmployeeFormSteps.theResponseStatusCodeShouldBe200Or201()
  And the response should contain employee information                                                         # steps.EmployeeFormSteps.theResponseShouldContainEmployeeInformation()

@positive @phone-formats
Scenario Outline: Submit form with various valid phone number formats                                          # features/employee_form.feature:104
API Endpoint set to: http://localhost:8080/SpringMvcHelloWorld/api/employee
  Given the employee registration API is available at "http://localhost:8080/SpringMvcHelloWorld/api/employee" # steps.EmployeeFormSteps.theEmployeeRegistrationAPIIsAvailableAt(java.lang.String)
21:09:10.495 [main] DEBUG org.apache.http.impl.conn.BasicClientConnectionManager -- Get connection for route {}->http://localhost:8080
21:09:10.495 [main] DEBUG org.apache.http.impl.conn.DefaultClientConnectionOperator -- Connecting to localhost:8080
21:09:10.495 [main] DEBUG org.apache.http.impl.conn.DefaultClientConnectionOperator -- Connect to localhost:8080 timed out. Connection will be retried using another IP address
21:09:10.495 [main] DEBUG org.apache.http.impl.conn.DefaultClientConnectionOperator -- Connecting to localhost:8080
21:09:10.495 [main] DEBUG org.apache.http.impl.conn.DefaultClientConnection -- Connection org.apache.http.impl.conn.DefaultClientConnection@693f2213 closed
21:09:10.495 [main] DEBUG org.apache.http.impl.conn.DefaultClientConnection -- Connection org.apache.http.impl.conn.DefaultClientConnection@693f2213 shut down
21:09:10.495 [main] DEBUG org.apache.http.impl.conn.BasicClientConnectionManager -- Releasing connection org.apache.http.impl.conn.ManagedClientConnectionImpl@514377fc
  When I submit employee form with the following data:                                                         # steps.EmployeeFormSteps.iSubmitEmployeeFormWithTheFollowingData(io.cucumber.datatable.DataTable)
    | field         | value            |
    | name          | Test User        |
    | email         | test@company.com |
    | contactNumber | +1-555-123-4567  |
    | position      | Tester           |
      java.net.ConnectException: Connection refused
	at java.base/sun.nio.ch.Net.connect0(Native Method)
	at java.base/sun.nio.ch.Net.connect(Net.java:535)
	at java.base/sun.nio.ch.Net.connect(Net.java:524)
	at java.base/sun.nio.ch.NioSocketImpl.connect(NioSocketImpl.java:574)
	at java.base/java.net.SocksSocketImpl.connect(SocksSocketImpl.java:282)
	at java.base/java.net.Socket.connect(Socket.java:665)
	at org.apache.http.conn.scheme.PlainSocketFactory.connectSocket(PlainSocketFactory.java:121)
	at org.apache.http.impl.conn.DefaultClientConnectionOperator.openConnection(DefaultClientConnectionOperator.java:180)
	at org.apache.http.impl.conn.ManagedClientConnectionImpl.open(ManagedClientConnectionImpl.java:326)
	at org.apache.http.impl.client.DefaultRequestDirector.tryConnect(DefaultRequestDirector.java:605)
	at org.apache.http.impl.client.DefaultRequestDirector.execute(DefaultRequestDirector.java:440)
	at org.apache.http.impl.client.AbstractHttpClient.doExecute(AbstractHttpClient.java:835)
	at org.apache.http.impl.client.CloseableHttpClient.execute(CloseableHttpClient.java:83)
	at io.restassured.internal.RestAssuredHttpBuilder.doRequest(RestAssuredHttpBuilder.java:141)
	at io.restassured.internal.http.HTTPBuilder.post(HTTPBuilder.java:349)
	at io.restassured.internal.http.HTTPBuilder$post$2.call(Unknown Source)
	at io.restassured.internal.RequestSpecificationImpl.sendRequest(RequestSpecificationImpl.groovy:1209)
	at io.restassured.internal.RequestSpecificationImpl.this$2$sendRequest(RequestSpecificationImpl.groovy)
	at java.base/jdk.internal.reflect.DirectMethodHandleAccessor.invoke(DirectMethodHandleAccessor.java:104)
	at java.base/java.lang.reflect.Method.invoke(Method.java:565)
	at org.codehaus.groovy.reflection.CachedMethod.invoke(CachedMethod.java:343)
	at groovy.lang.MetaMethod.doMethodInvoke(MetaMethod.java:328)
	at groovy.lang.MetaClassImpl.doInvokeMethod(MetaClassImpl.java:1333)
	at groovy.lang.MetaClassImpl.invokeMethod(MetaClassImpl.java:1088)
	at groovy.lang.MetaClassImpl.invokeMethod(MetaClassImpl.java:1007)
	at groovy.lang.MetaClassImpl.invokeMethod(MetaClassImpl.java:790)
	at io.restassured.internal.RequestSpecificationImpl.invokeMethod(RequestSpecificationImpl.groovy)
	at org.codehaus.groovy.runtime.callsite.PogoInterceptableSite.call(PogoInterceptableSite.java:46)
	at org.codehaus.groovy.runtime.callsite.AbstractCallSite.call(AbstractCallSite.java:166)
	at io.restassured.internal.filter.SendRequestFilter.filter(SendRequestFilter.groovy:30)
	at io.restassured.filter.Filter$filter.call(Unknown Source)
	at org.codehaus.groovy.runtime.callsite.CallSiteArray.defaultCall(CallSiteArray.java:45)
	at io.restassured.filter.Filter$filter$0.call(Unknown Source)
	at io.restassured.internal.filter.FilterContextImpl.next(FilterContextImpl.groovy:72)
	at io.restassured.filter.time.TimingFilter.filter(TimingFilter.java:56)
	at io.restassured.filter.Filter$filter$0.call(Unknown Source)
	at org.codehaus.groovy.runtime.callsite.CallSiteArray.defaultCall(CallSiteArray.java:45)
	at io.restassured.filter.Filter$filter.call(Unknown Source)
	at io.restassured.internal.filter.FilterContextImpl.next(FilterContextImpl.groovy:72)
	at io.restassured.filter.FilterContext$next.call(Unknown Source)
	at io.restassured.internal.filter.CsrfFilter.filter(CsrfFilter.groovy:70)
	at io.restassured.filter.Filter$filter.call(Unknown Source)
	at org.codehaus.groovy.runtime.callsite.CallSiteArray.defaultCall(CallSiteArray.java:45)
	at io.restassured.filter.Filter$filter.call(Unknown Source)
	at io.restassured.internal.filter.FilterContextImpl.next(FilterContextImpl.groovy:72)
	at io.restassured.filter.FilterContext$next.call(Unknown Source)
	at io.restassured.internal.RequestSpecificationImpl.applyPathParamsAndSendRequest(RequestSpecificationImpl.groovy:1704)
	at io.restassured.internal.RequestSpecificationImpl.this$2$applyPathParamsAndSendRequest(RequestSpecificationImpl.groovy)
	at java.base/jdk.internal.reflect.DirectMethodHandleAccessor.invoke(DirectMethodHandleAccessor.java:104)
	at java.base/java.lang.reflect.Method.invoke(Method.java:565)
	at org.codehaus.groovy.reflection.CachedMethod.invoke(CachedMethod.java:343)
	at groovy.lang.MetaMethod.doMethodInvoke(MetaMethod.java:328)
	at groovy.lang.MetaClassImpl.doInvokeMethod(MetaClassImpl.java:1333)
	at groovy.lang.MetaClassImpl.invokeMethod(MetaClassImpl.java:1088)
	at groovy.lang.MetaClassImpl.invokeMethod(MetaClassImpl.java:1007)
	at groovy.lang.MetaClassImpl.invokeMethod(MetaClassImpl.java:790)
	at io.restassured.internal.RequestSpecificationImpl.invokeMethod(RequestSpecificationImpl.groovy)
	at org.codehaus.groovy.runtime.callsite.PogoInterceptableSite.call(PogoInterceptableSite.java:46)
	at org.codehaus.groovy.runtime.callsite.PogoInterceptableSite.callCurrent(PogoInterceptableSite.java:57)
	at org.codehaus.groovy.runtime.callsite.AbstractCallSite.callCurrent(AbstractCallSite.java:203)
	at io.restassured.internal.RequestSpecificationImpl.applyPathParamsAndSendRequest(RequestSpecificationImpl.groovy:1710)
	at io.restassured.internal.RequestSpecificationImpl.this$2$applyPathParamsAndSendRequest(RequestSpecificationImpl.groovy)
	at java.base/jdk.internal.reflect.DirectMethodHandleAccessor.invoke(DirectMethodHandleAccessor.java:104)
	at java.base/java.lang.reflect.Method.invoke(Method.java:565)
	at org.codehaus.groovy.reflection.CachedMethod.invoke(CachedMethod.java:343)
	at groovy.lang.MetaMethod.doMethodInvoke(MetaMethod.java:328)
	at groovy.lang.MetaClassImpl.doInvokeMethod(MetaClassImpl.java:1333)
	at groovy.lang.MetaClassImpl.invokeMethod(MetaClassImpl.java:1088)
	at groovy.lang.MetaClassImpl.invokeMethod(MetaClassImpl.java:1007)
	at groovy.lang.MetaClassImpl.invokeMethod(MetaClassImpl.java:790)
	at io.restassured.internal.RequestSpecificationImpl.invokeMethod(RequestSpecificationImpl.groovy)
	at org.codehaus.groovy.runtime.callsite.PogoInterceptableSite.call(PogoInterceptableSite.java:46)
	at org.codehaus.groovy.runtime.callsite.PogoInterceptableSite.callCurrent(PogoInterceptableSite.java:57)
	at org.codehaus.groovy.runtime.callsite.AbstractCallSite.callCurrent(AbstractCallSite.java:203)
	at io.restassured.internal.RequestSpecificationImpl.post(RequestSpecificationImpl.groovy:176)
	at io.restassured.internal.RequestSpecificationImpl.post(RequestSpecificationImpl.groovy)
	at steps.EmployeeFormSteps.iSubmitEmployeeFormWithTheFollowingData(EmployeeFormSteps.java:64)
	at ✽.I submit employee form with the following data:(classpath:features/employee_form.feature:93)

  Then the response status code should be 200 or 201                                                           # steps.EmployeeFormSteps.theResponseStatusCodeShouldBe200Or201()
  And the response should contain employee information                                                         # steps.EmployeeFormSteps.theResponseShouldContainEmployeeInformation()

@positive @phone-formats
Scenario Outline: Submit form with various valid phone number formats                                          # features/employee_form.feature:105
API Endpoint set to: http://localhost:8080/SpringMvcHelloWorld/api/employee
  Given the employee registration API is available at "http://localhost:8080/SpringMvcHelloWorld/api/employee" # steps.EmployeeFormSteps.theEmployeeRegistrationAPIIsAvailableAt(java.lang.String)
21:09:10.504 [main] DEBUG org.apache.http.impl.conn.BasicClientConnectionManager -- Get connection for route {}->http://localhost:8080
21:09:10.505 [main] DEBUG org.apache.http.impl.conn.DefaultClientConnectionOperator -- Connecting to localhost:8080
21:09:10.505 [main] DEBUG org.apache.http.impl.conn.DefaultClientConnectionOperator -- Connect to localhost:8080 timed out. Connection will be retried using another IP address
21:09:10.505 [main] DEBUG org.apache.http.impl.conn.DefaultClientConnectionOperator -- Connecting to localhost:8080
21:09:10.505 [main] DEBUG org.apache.http.impl.conn.DefaultClientConnection -- Connection org.apache.http.impl.conn.DefaultClientConnection@1a88c4f5 closed
21:09:10.505 [main] DEBUG org.apache.http.impl.conn.DefaultClientConnection -- Connection org.apache.http.impl.conn.DefaultClientConnection@1a88c4f5 shut down
21:09:10.505 [main] DEBUG org.apache.http.impl.conn.BasicClientConnectionManager -- Releasing connection org.apache.http.impl.conn.ManagedClientConnectionImpl@1894fa9f
  When I submit employee form with the following data:                                                         # steps.EmployeeFormSteps.iSubmitEmployeeFormWithTheFollowingData(io.cucumber.datatable.DataTable)
    | field         | value            |
    | name          | Test User        |
    | email         | test@company.com |
    | contactNumber | 555-123-4567     |
    | position      | Tester           |
      java.net.ConnectException: Connection refused
	at java.base/sun.nio.ch.Net.connect0(Native Method)
	at java.base/sun.nio.ch.Net.connect(Net.java:535)
	at java.base/sun.nio.ch.Net.connect(Net.java:524)
	at java.base/sun.nio.ch.NioSocketImpl.connect(NioSocketImpl.java:574)
	at java.base/java.net.SocksSocketImpl.connect(SocksSocketImpl.java:282)
	at java.base/java.net.Socket.connect(Socket.java:665)
	at org.apache.http.conn.scheme.PlainSocketFactory.connectSocket(PlainSocketFactory.java:121)
	at org.apache.http.impl.conn.DefaultClientConnectionOperator.openConnection(DefaultClientConnectionOperator.java:180)
	at org.apache.http.impl.conn.ManagedClientConnectionImpl.open(ManagedClientConnectionImpl.java:326)
	at org.apache.http.impl.client.DefaultRequestDirector.tryConnect(DefaultRequestDirector.java:605)
	at org.apache.http.impl.client.DefaultRequestDirector.execute(DefaultRequestDirector.java:440)
	at org.apache.http.impl.client.AbstractHttpClient.doExecute(AbstractHttpClient.java:835)
	at org.apache.http.impl.client.CloseableHttpClient.execute(CloseableHttpClient.java:83)
	at io.restassured.internal.RestAssuredHttpBuilder.doRequest(RestAssuredHttpBuilder.java:141)
	at io.restassured.internal.http.HTTPBuilder.post(HTTPBuilder.java:349)
	at io.restassured.internal.http.HTTPBuilder$post$2.call(Unknown Source)
	at io.restassured.internal.RequestSpecificationImpl.sendRequest(RequestSpecificationImpl.groovy:1209)
	at io.restassured.internal.RequestSpecificationImpl.this$2$sendRequest(RequestSpecificationImpl.groovy)
	at java.base/jdk.internal.reflect.DirectMethodHandleAccessor.invoke(DirectMethodHandleAccessor.java:104)
	at java.base/java.lang.reflect.Method.invoke(Method.java:565)
	at org.codehaus.groovy.reflection.CachedMethod.invoke(CachedMethod.java:343)
	at groovy.lang.MetaMethod.doMethodInvoke(MetaMethod.java:328)
	at groovy.lang.MetaClassImpl.doInvokeMethod(MetaClassImpl.java:1333)
	at groovy.lang.MetaClassImpl.invokeMethod(MetaClassImpl.java:1088)
	at groovy.lang.MetaClassImpl.invokeMethod(MetaClassImpl.java:1007)
	at groovy.lang.MetaClassImpl.invokeMethod(MetaClassImpl.java:790)
	at io.restassured.internal.RequestSpecificationImpl.invokeMethod(RequestSpecificationImpl.groovy)
	at org.codehaus.groovy.runtime.callsite.PogoInterceptableSite.call(PogoInterceptableSite.java:46)
	at org.codehaus.groovy.runtime.callsite.AbstractCallSite.call(AbstractCallSite.java:166)
	at io.restassured.internal.filter.SendRequestFilter.filter(SendRequestFilter.groovy:30)
	at io.restassured.filter.Filter$filter.call(Unknown Source)
	at org.codehaus.groovy.runtime.callsite.CallSiteArray.defaultCall(CallSiteArray.java:45)
	at io.restassured.filter.Filter$filter$0.call(Unknown Source)
	at io.restassured.internal.filter.FilterContextImpl.next(FilterContextImpl.groovy:72)
	at io.restassured.filter.time.TimingFilter.filter(TimingFilter.java:56)
	at io.restassured.filter.Filter$filter$0.call(Unknown Source)
	at org.codehaus.groovy.runtime.callsite.CallSiteArray.defaultCall(CallSiteArray.java:45)
	at io.restassured.filter.Filter$filter.call(Unknown Source)
	at io.restassured.internal.filter.FilterContextImpl.next(FilterContextImpl.groovy:72)
	at io.restassured.filter.FilterContext$next.call(Unknown Source)
	at io.restassured.internal.filter.CsrfFilter.filter(CsrfFilter.groovy:70)
	at io.restassured.filter.Filter$filter.call(Unknown Source)
	at org.codehaus.groovy.runtime.callsite.CallSiteArray.defaultCall(CallSiteArray.java:45)
	at io.restassured.filter.Filter$filter.call(Unknown Source)
	at io.restassured.internal.filter.FilterContextImpl.next(FilterContextImpl.groovy:72)
	at io.restassured.filter.FilterContext$next.call(Unknown Source)
	at io.restassured.internal.RequestSpecificationImpl.applyPathParamsAndSendRequest(RequestSpecificationImpl.groovy:1704)
	at io.restassured.internal.RequestSpecificationImpl.this$2$applyPathParamsAndSendRequest(RequestSpecificationImpl.groovy)
	at java.base/jdk.internal.reflect.DirectMethodHandleAccessor.invoke(DirectMethodHandleAccessor.java:104)
	at java.base/java.lang.reflect.Method.invoke(Method.java:565)
	at org.codehaus.groovy.reflection.CachedMethod.invoke(CachedMethod.java:343)
	at groovy.lang.MetaMethod.doMethodInvoke(MetaMethod.java:328)
	at groovy.lang.MetaClassImpl.doInvokeMethod(MetaClassImpl.java:1333)
	at groovy.lang.MetaClassImpl.invokeMethod(MetaClassImpl.java:1088)
	at groovy.lang.MetaClassImpl.invokeMethod(MetaClassImpl.java:1007)
	at groovy.lang.MetaClassImpl.invokeMethod(MetaClassImpl.java:790)
	at io.restassured.internal.RequestSpecificationImpl.invokeMethod(RequestSpecificationImpl.groovy)
	at org.codehaus.groovy.runtime.callsite.PogoInterceptableSite.call(PogoInterceptableSite.java:46)
	at org.codehaus.groovy.runtime.callsite.PogoInterceptableSite.callCurrent(PogoInterceptableSite.java:57)
	at org.codehaus.groovy.runtime.callsite.AbstractCallSite.callCurrent(AbstractCallSite.java:203)
	at io.restassured.internal.RequestSpecificationImpl.applyPathParamsAndSendRequest(RequestSpecificationImpl.groovy:1710)
	at io.restassured.internal.RequestSpecificationImpl.this$2$applyPathParamsAndSendRequest(RequestSpecificationImpl.groovy)
	at java.base/jdk.internal.reflect.DirectMethodHandleAccessor.invoke(DirectMethodHandleAccessor.java:104)
	at java.base/java.lang.reflect.Method.invoke(Method.java:565)
	at org.codehaus.groovy.reflection.CachedMethod.invoke(CachedMethod.java:343)
	at groovy.lang.MetaMethod.doMethodInvoke(MetaMethod.java:328)
	at groovy.lang.MetaClassImpl.doInvokeMethod(MetaClassImpl.java:1333)
	at groovy.lang.MetaClassImpl.invokeMethod(MetaClassImpl.java:1088)
	at groovy.lang.MetaClassImpl.invokeMethod(MetaClassImpl.java:1007)
	at groovy.lang.MetaClassImpl.invokeMethod(MetaClassImpl.java:790)
	at io.restassured.internal.RequestSpecificationImpl.invokeMethod(RequestSpecificationImpl.groovy)
	at org.codehaus.groovy.runtime.callsite.PogoInterceptableSite.call(PogoInterceptableSite.java:46)
	at org.codehaus.groovy.runtime.callsite.PogoInterceptableSite.callCurrent(PogoInterceptableSite.java:57)
	at org.codehaus.groovy.runtime.callsite.AbstractCallSite.callCurrent(AbstractCallSite.java:203)
	at io.restassured.internal.RequestSpecificationImpl.post(RequestSpecificationImpl.groovy:176)
	at io.restassured.internal.RequestSpecificationImpl.post(RequestSpecificationImpl.groovy)
	at steps.EmployeeFormSteps.iSubmitEmployeeFormWithTheFollowingData(EmployeeFormSteps.java:64)
	at ✽.I submit employee form with the following data:(classpath:features/employee_form.feature:93)

  Then the response status code should be 200 or 201                                                           # steps.EmployeeFormSteps.theResponseStatusCodeShouldBe200Or201()
  And the response should contain employee information                                                         # steps.EmployeeFormSteps.theResponseShouldContainEmployeeInformation()

@positive @phone-formats
Scenario Outline: Submit form with various valid phone number formats                                          # features/employee_form.feature:106
API Endpoint set to: http://localhost:8080/SpringMvcHelloWorld/api/employee
  Given the employee registration API is available at "http://localhost:8080/SpringMvcHelloWorld/api/employee" # steps.EmployeeFormSteps.theEmployeeRegistrationAPIIsAvailableAt(java.lang.String)
21:09:10.512 [main] DEBUG org.apache.http.impl.conn.BasicClientConnectionManager -- Get connection for route {}->http://localhost:8080
21:09:10.512 [main] DEBUG org.apache.http.impl.conn.DefaultClientConnectionOperator -- Connecting to localhost:8080
21:09:10.513 [main] DEBUG org.apache.http.impl.conn.DefaultClientConnectionOperator -- Connect to localhost:8080 timed out. Connection will be retried using another IP address
21:09:10.513 [main] DEBUG org.apache.http.impl.conn.DefaultClientConnectionOperator -- Connecting to localhost:8080
21:09:10.513 [main] DEBUG org.apache.http.impl.conn.DefaultClientConnection -- Connection org.apache.http.impl.conn.DefaultClientConnection@33d230ce closed
21:09:10.513 [main] DEBUG org.apache.http.impl.conn.DefaultClientConnection -- Connection org.apache.http.impl.conn.DefaultClientConnection@33d230ce shut down
21:09:10.513 [main] DEBUG org.apache.http.impl.conn.BasicClientConnectionManager -- Releasing connection org.apache.http.impl.conn.ManagedClientConnectionImpl@35e74e08
  When I submit employee form with the following data:                                                         # steps.EmployeeFormSteps.iSubmitEmployeeFormWithTheFollowingData(io.cucumber.datatable.DataTable)
    | field         | value            |
    | name          | Test User        |
    | email         | test@company.com |
    | contactNumber | 5551234567       |
    | position      | Tester           |
      java.net.ConnectException: Connection refused
	at java.base/sun.nio.ch.Net.connect0(Native Method)
	at java.base/sun.nio.ch.Net.connect(Net.java:535)
	at java.base/sun.nio.ch.Net.connect(Net.java:524)
	at java.base/sun.nio.ch.NioSocketImpl.connect(NioSocketImpl.java:574)
	at java.base/java.net.SocksSocketImpl.connect(SocksSocketImpl.java:282)
	at java.base/java.net.Socket.connect(Socket.java:665)
	at org.apache.http.conn.scheme.PlainSocketFactory.connectSocket(PlainSocketFactory.java:121)
	at org.apache.http.impl.conn.DefaultClientConnectionOperator.openConnection(DefaultClientConnectionOperator.java:180)
	at org.apache.http.impl.conn.ManagedClientConnectionImpl.open(ManagedClientConnectionImpl.java:326)
	at org.apache.http.impl.client.DefaultRequestDirector.tryConnect(DefaultRequestDirector.java:605)
	at org.apache.http.impl.client.DefaultRequestDirector.execute(DefaultRequestDirector.java:440)
	at org.apache.http.impl.client.AbstractHttpClient.doExecute(AbstractHttpClient.java:835)
	at org.apache.http.impl.client.CloseableHttpClient.execute(CloseableHttpClient.java:83)
	at io.restassured.internal.RestAssuredHttpBuilder.doRequest(RestAssuredHttpBuilder.java:141)
	at io.restassured.internal.http.HTTPBuilder.post(HTTPBuilder.java:349)
	at io.restassured.internal.http.HTTPBuilder$post$2.call(Unknown Source)
	at io.restassured.internal.RequestSpecificationImpl.sendRequest(RequestSpecificationImpl.groovy:1209)
	at io.restassured.internal.RequestSpecificationImpl.this$2$sendRequest(RequestSpecificationImpl.groovy)
	at java.base/jdk.internal.reflect.DirectMethodHandleAccessor.invoke(DirectMethodHandleAccessor.java:104)
	at java.base/java.lang.reflect.Method.invoke(Method.java:565)
	at org.codehaus.groovy.reflection.CachedMethod.invoke(CachedMethod.java:343)
	at groovy.lang.MetaMethod.doMethodInvoke(MetaMethod.java:328)
	at groovy.lang.MetaClassImpl.doInvokeMethod(MetaClassImpl.java:1333)
	at groovy.lang.MetaClassImpl.invokeMethod(MetaClassImpl.java:1088)
	at groovy.lang.MetaClassImpl.invokeMethod(MetaClassImpl.java:1007)
	at groovy.lang.MetaClassImpl.invokeMethod(MetaClassImpl.java:790)
	at io.restassured.internal.RequestSpecificationImpl.invokeMethod(RequestSpecificationImpl.groovy)
	at org.codehaus.groovy.runtime.callsite.PogoInterceptableSite.call(PogoInterceptableSite.java:46)
	at org.codehaus.groovy.runtime.callsite.AbstractCallSite.call(AbstractCallSite.java:166)
	at io.restassured.internal.filter.SendRequestFilter.filter(SendRequestFilter.groovy:30)
	at io.restassured.filter.Filter$filter.call(Unknown Source)
	at org.codehaus.groovy.runtime.callsite.CallSiteArray.defaultCall(CallSiteArray.java:45)
	at io.restassured.filter.Filter$filter$0.call(Unknown Source)
	at io.restassured.internal.filter.FilterContextImpl.next(FilterContextImpl.groovy:72)
	at io.restassured.filter.time.TimingFilter.filter(TimingFilter.java:56)
	at io.restassured.filter.Filter$filter$0.call(Unknown Source)
	at org.codehaus.groovy.runtime.callsite.CallSiteArray.defaultCall(CallSiteArray.java:45)
	at io.restassured.filter.Filter$filter.call(Unknown Source)
	at io.restassured.internal.filter.FilterContextImpl.next(FilterContextImpl.groovy:72)
	at io.restassured.filter.FilterContext$next.call(Unknown Source)
	at io.restassured.internal.filter.CsrfFilter.filter(CsrfFilter.groovy:70)
	at io.restassured.filter.Filter$filter.call(Unknown Source)
	at org.codehaus.groovy.runtime.callsite.CallSiteArray.defaultCall(CallSiteArray.java:45)
	at io.restassured.filter.Filter$filter.call(Unknown Source)
	at io.restassured.internal.filter.FilterContextImpl.next(FilterContextImpl.groovy:72)
	at io.restassured.filter.FilterContext$next.call(Unknown Source)
	at io.restassured.internal.RequestSpecificationImpl.applyPathParamsAndSendRequest(RequestSpecificationImpl.groovy:1704)
	at io.restassured.internal.RequestSpecificationImpl.this$2$applyPathParamsAndSendRequest(RequestSpecificationImpl.groovy)
	at java.base/jdk.internal.reflect.DirectMethodHandleAccessor.invoke(DirectMethodHandleAccessor.java:104)
	at java.base/java.lang.reflect.Method.invoke(Method.java:565)
	at org.codehaus.groovy.reflection.CachedMethod.invoke(CachedMethod.java:343)
	at groovy.lang.MetaMethod.doMethodInvoke(MetaMethod.java:328)
	at groovy.lang.MetaClassImpl.doInvokeMethod(MetaClassImpl.java:1333)
	at groovy.lang.MetaClassImpl.invokeMethod(MetaClassImpl.java:1088)
	at groovy.lang.MetaClassImpl.invokeMethod(MetaClassImpl.java:1007)
	at groovy.lang.MetaClassImpl.invokeMethod(MetaClassImpl.java:790)
	at io.restassured.internal.RequestSpecificationImpl.invokeMethod(RequestSpecificationImpl.groovy)
	at org.codehaus.groovy.runtime.callsite.PogoInterceptableSite.call(PogoInterceptableSite.java:46)
	at org.codehaus.groovy.runtime.callsite.PogoInterceptableSite.callCurrent(PogoInterceptableSite.java:57)
	at org.codehaus.groovy.runtime.callsite.AbstractCallSite.callCurrent(AbstractCallSite.java:203)
	at io.restassured.internal.RequestSpecificationImpl.applyPathParamsAndSendRequest(RequestSpecificationImpl.groovy:1710)
	at io.restassured.internal.RequestSpecificationImpl.this$2$applyPathParamsAndSendRequest(RequestSpecificationImpl.groovy)
	at java.base/jdk.internal.reflect.DirectMethodHandleAccessor.invoke(DirectMethodHandleAccessor.java:104)
	at java.base/java.lang.reflect.Method.invoke(Method.java:565)
	at org.codehaus.groovy.reflection.CachedMethod.invoke(CachedMethod.java:343)
	at groovy.lang.MetaMethod.doMethodInvoke(MetaMethod.java:328)
	at groovy.lang.MetaClassImpl.doInvokeMethod(MetaClassImpl.java:1333)
	at groovy.lang.MetaClassImpl.invokeMethod(MetaClassImpl.java:1088)
	at groovy.lang.MetaClassImpl.invokeMethod(MetaClassImpl.java:1007)
	at groovy.lang.MetaClassImpl.invokeMethod(MetaClassImpl.java:790)
	at io.restassured.internal.RequestSpecificationImpl.invokeMethod(RequestSpecificationImpl.groovy)
	at org.codehaus.groovy.runtime.callsite.PogoInterceptableSite.call(PogoInterceptableSite.java:46)
	at org.codehaus.groovy.runtime.callsite.PogoInterceptableSite.callCurrent(PogoInterceptableSite.java:57)
	at org.codehaus.groovy.runtime.callsite.AbstractCallSite.callCurrent(AbstractCallSite.java:203)
	at io.restassured.internal.RequestSpecificationImpl.post(RequestSpecificationImpl.groovy:176)
	at io.restassured.internal.RequestSpecificationImpl.post(RequestSpecificationImpl.groovy)
	at steps.EmployeeFormSteps.iSubmitEmployeeFormWithTheFollowingData(EmployeeFormSteps.java:64)
	at ✽.I submit employee form with the following data:(classpath:features/employee_form.feature:93)

  Then the response status code should be 200 or 201                                                           # steps.EmployeeFormSteps.theResponseStatusCodeShouldBe200Or201()
  And the response should contain employee information                                                         # steps.EmployeeFormSteps.theResponseShouldContainEmployeeInformation()

@positive @phone-formats
Scenario Outline: Submit form with various valid phone number formats                                          # features/employee_form.feature:107
API Endpoint set to: http://localhost:8080/SpringMvcHelloWorld/api/employee
  Given the employee registration API is available at "http://localhost:8080/SpringMvcHelloWorld/api/employee" # steps.EmployeeFormSteps.theEmployeeRegistrationAPIIsAvailableAt(java.lang.String)
21:09:10.519 [main] DEBUG org.apache.http.impl.conn.BasicClientConnectionManager -- Get connection for route {}->http://localhost:8080
21:09:10.519 [main] DEBUG org.apache.http.impl.conn.DefaultClientConnectionOperator -- Connecting to localhost:8080
21:09:10.520 [main] DEBUG org.apache.http.impl.conn.DefaultClientConnectionOperator -- Connect to localhost:8080 timed out. Connection will be retried using another IP address
21:09:10.520 [main] DEBUG org.apache.http.impl.conn.DefaultClientConnectionOperator -- Connecting to localhost:8080
21:09:10.520 [main] DEBUG org.apache.http.impl.conn.DefaultClientConnection -- Connection org.apache.http.impl.conn.DefaultClientConnection@4e17442f closed
21:09:10.520 [main] DEBUG org.apache.http.impl.conn.DefaultClientConnection -- Connection org.apache.http.impl.conn.DefaultClientConnection@4e17442f shut down
21:09:10.520 [main] DEBUG org.apache.http.impl.conn.BasicClientConnectionManager -- Releasing connection org.apache.http.impl.conn.ManagedClientConnectionImpl@4f5c30b1
  When I submit employee form with the following data:                                                         # steps.EmployeeFormSteps.iSubmitEmployeeFormWithTheFollowingData(io.cucumber.datatable.DataTable)
    | field         | value            |
    | name          | Test User        |
    | email         | test@company.com |
    | contactNumber | (555) 123-4567   |
    | position      | Tester           |
      java.net.ConnectException: Connection refused
	at java.base/sun.nio.ch.Net.connect0(Native Method)
	at java.base/sun.nio.ch.Net.connect(Net.java:535)
	at java.base/sun.nio.ch.Net.connect(Net.java:524)
	at java.base/sun.nio.ch.NioSocketImpl.connect(NioSocketImpl.java:574)
	at java.base/java.net.SocksSocketImpl.connect(SocksSocketImpl.java:282)
	at java.base/java.net.Socket.connect(Socket.java:665)
	at org.apache.http.conn.scheme.PlainSocketFactory.connectSocket(PlainSocketFactory.java:121)
	at org.apache.http.impl.conn.DefaultClientConnectionOperator.openConnection(DefaultClientConnectionOperator.java:180)
	at org.apache.http.impl.conn.ManagedClientConnectionImpl.open(ManagedClientConnectionImpl.java:326)
	at org.apache.http.impl.client.DefaultRequestDirector.tryConnect(DefaultRequestDirector.java:605)
	at org.apache.http.impl.client.DefaultRequestDirector.execute(DefaultRequestDirector.java:440)
	at org.apache.http.impl.client.AbstractHttpClient.doExecute(AbstractHttpClient.java:835)
	at org.apache.http.impl.client.CloseableHttpClient.execute(CloseableHttpClient.java:83)
	at io.restassured.internal.RestAssuredHttpBuilder.doRequest(RestAssuredHttpBuilder.java:141)
	at io.restassured.internal.http.HTTPBuilder.post(HTTPBuilder.java:349)
	at io.restassured.internal.http.HTTPBuilder$post$2.call(Unknown Source)
	at io.restassured.internal.RequestSpecificationImpl.sendRequest(RequestSpecificationImpl.groovy:1209)
	at io.restassured.internal.RequestSpecificationImpl.this$2$sendRequest(RequestSpecificationImpl.groovy)
	at java.base/jdk.internal.reflect.DirectMethodHandleAccessor.invoke(DirectMethodHandleAccessor.java:104)
	at java.base/java.lang.reflect.Method.invoke(Method.java:565)
	at org.codehaus.groovy.reflection.CachedMethod.invoke(CachedMethod.java:343)
	at groovy.lang.MetaMethod.doMethodInvoke(MetaMethod.java:328)
	at groovy.lang.MetaClassImpl.doInvokeMethod(MetaClassImpl.java:1333)
	at groovy.lang.MetaClassImpl.invokeMethod(MetaClassImpl.java:1088)
	at groovy.lang.MetaClassImpl.invokeMethod(MetaClassImpl.java:1007)
	at groovy.lang.MetaClassImpl.invokeMethod(MetaClassImpl.java:790)
	at io.restassured.internal.RequestSpecificationImpl.invokeMethod(RequestSpecificationImpl.groovy)
	at org.codehaus.groovy.runtime.callsite.PogoInterceptableSite.call(PogoInterceptableSite.java:46)
	at org.codehaus.groovy.runtime.callsite.AbstractCallSite.call(AbstractCallSite.java:166)
	at io.restassured.internal.filter.SendRequestFilter.filter(SendRequestFilter.groovy:30)
	at io.restassured.filter.Filter$filter.call(Unknown Source)
	at org.codehaus.groovy.runtime.callsite.CallSiteArray.defaultCall(CallSiteArray.java:45)
	at io.restassured.filter.Filter$filter$0.call(Unknown Source)
	at io.restassured.internal.filter.FilterContextImpl.next(FilterContextImpl.groovy:72)
	at io.restassured.filter.time.TimingFilter.filter(TimingFilter.java:56)
	at io.restassured.filter.Filter$filter$0.call(Unknown Source)
	at org.codehaus.groovy.runtime.callsite.CallSiteArray.defaultCall(CallSiteArray.java:45)
	at io.restassured.filter.Filter$filter.call(Unknown Source)
	at io.restassured.internal.filter.FilterContextImpl.next(FilterContextImpl.groovy:72)
	at io.restassured.filter.FilterContext$next.call(Unknown Source)
	at io.restassured.internal.filter.CsrfFilter.filter(CsrfFilter.groovy:70)
	at io.restassured.filter.Filter$filter.call(Unknown Source)
	at org.codehaus.groovy.runtime.callsite.CallSiteArray.defaultCall(CallSiteArray.java:45)
	at io.restassured.filter.Filter$filter.call(Unknown Source)
	at io.restassured.internal.filter.FilterContextImpl.next(FilterContextImpl.groovy:72)
	at io.restassured.filter.FilterContext$next.call(Unknown Source)
	at io.restassured.internal.RequestSpecificationImpl.applyPathParamsAndSendRequest(RequestSpecificationImpl.groovy:1704)
	at io.restassured.internal.RequestSpecificationImpl.this$2$applyPathParamsAndSendRequest(RequestSpecificationImpl.groovy)
	at java.base/jdk.internal.reflect.DirectMethodHandleAccessor.invoke(DirectMethodHandleAccessor.java:104)
	at java.base/java.lang.reflect.Method.invoke(Method.java:565)
	at org.codehaus.groovy.reflection.CachedMethod.invoke(CachedMethod.java:343)
	at groovy.lang.MetaMethod.doMethodInvoke(MetaMethod.java:328)
	at groovy.lang.MetaClassImpl.doInvokeMethod(MetaClassImpl.java:1333)
	at groovy.lang.MetaClassImpl.invokeMethod(MetaClassImpl.java:1088)
	at groovy.lang.MetaClassImpl.invokeMethod(MetaClassImpl.java:1007)
	at groovy.lang.MetaClassImpl.invokeMethod(MetaClassImpl.java:790)
	at io.restassured.internal.RequestSpecificationImpl.invokeMethod(RequestSpecificationImpl.groovy)
	at org.codehaus.groovy.runtime.callsite.PogoInterceptableSite.call(PogoInterceptableSite.java:46)
	at org.codehaus.groovy.runtime.callsite.PogoInterceptableSite.callCurrent(PogoInterceptableSite.java:57)
	at org.codehaus.groovy.runtime.callsite.AbstractCallSite.callCurrent(AbstractCallSite.java:203)
	at io.restassured.internal.RequestSpecificationImpl.applyPathParamsAndSendRequest(RequestSpecificationImpl.groovy:1710)
	at io.restassured.internal.RequestSpecificationImpl.this$2$applyPathParamsAndSendRequest(RequestSpecificationImpl.groovy)
	at java.base/jdk.internal.reflect.DirectMethodHandleAccessor.invoke(DirectMethodHandleAccessor.java:104)
	at java.base/java.lang.reflect.Method.invoke(Method.java:565)
	at org.codehaus.groovy.reflection.CachedMethod.invoke(CachedMethod.java:343)
	at groovy.lang.MetaMethod.doMethodInvoke(MetaMethod.java:328)
	at groovy.lang.MetaClassImpl.doInvokeMethod(MetaClassImpl.java:1333)
	at groovy.lang.MetaClassImpl.invokeMethod(MetaClassImpl.java:1088)
	at groovy.lang.MetaClassImpl.invokeMethod(MetaClassImpl.java:1007)
	at groovy.lang.MetaClassImpl.invokeMethod(MetaClassImpl.java:790)
	at io.restassured.internal.RequestSpecificationImpl.invokeMethod(RequestSpecificationImpl.groovy)
	at org.codehaus.groovy.runtime.callsite.PogoInterceptableSite.call(PogoInterceptableSite.java:46)
	at org.codehaus.groovy.runtime.callsite.PogoInterceptableSite.callCurrent(PogoInterceptableSite.java:57)
	at org.codehaus.groovy.runtime.callsite.AbstractCallSite.callCurrent(AbstractCallSite.java:203)
	at io.restassured.internal.RequestSpecificationImpl.post(RequestSpecificationImpl.groovy:176)
	at io.restassured.internal.RequestSpecificationImpl.post(RequestSpecificationImpl.groovy)
	at steps.EmployeeFormSteps.iSubmitEmployeeFormWithTheFollowingData(EmployeeFormSteps.java:64)
	at ✽.I submit employee form with the following data:(classpath:features/employee_form.feature:93)

  Then the response status code should be 200 or 201                                                           # steps.EmployeeFormSteps.theResponseStatusCodeShouldBe200Or201()
  And the response should contain employee information                                                         # steps.EmployeeFormSteps.theResponseShouldContainEmployeeInformation()

@positive @phone-formats
Scenario Outline: Submit form with various valid phone number formats                                          # features/employee_form.feature:108
API Endpoint set to: http://localhost:8080/SpringMvcHelloWorld/api/employee
  Given the employee registration API is available at "http://localhost:8080/SpringMvcHelloWorld/api/employee" # steps.EmployeeFormSteps.theEmployeeRegistrationAPIIsAvailableAt(java.lang.String)
21:09:10.526 [main] DEBUG org.apache.http.impl.conn.BasicClientConnectionManager -- Get connection for route {}->http://localhost:8080
21:09:10.527 [main] DEBUG org.apache.http.impl.conn.DefaultClientConnectionOperator -- Connecting to localhost:8080
21:09:10.527 [main] DEBUG org.apache.http.impl.conn.DefaultClientConnectionOperator -- Connect to localhost:8080 timed out. Connection will be retried using another IP address
21:09:10.527 [main] DEBUG org.apache.http.impl.conn.DefaultClientConnectionOperator -- Connecting to localhost:8080
21:09:10.527 [main] DEBUG org.apache.http.impl.conn.DefaultClientConnection -- Connection org.apache.http.impl.conn.DefaultClientConnection@7ddeb27f closed
21:09:10.527 [main] DEBUG org.apache.http.impl.conn.DefaultClientConnection -- Connection org.apache.http.impl.conn.DefaultClientConnection@7ddeb27f shut down
21:09:10.527 [main] DEBUG org.apache.http.impl.conn.BasicClientConnectionManager -- Releasing connection org.apache.http.impl.conn.ManagedClientConnectionImpl@38087342
  When I submit employee form with the following data:                                                         # steps.EmployeeFormSteps.iSubmitEmployeeFormWithTheFollowingData(io.cucumber.datatable.DataTable)
    | field         | value            |
    | name          | Test User        |
    | email         | test@company.com |
    | contactNumber | 555.123.4567     |
    | position      | Tester           |
      java.net.ConnectException: Connection refused
	at java.base/sun.nio.ch.Net.connect0(Native Method)
	at java.base/sun.nio.ch.Net.connect(Net.java:535)
	at java.base/sun.nio.ch.Net.connect(Net.java:524)
	at java.base/sun.nio.ch.NioSocketImpl.connect(NioSocketImpl.java:574)
	at java.base/java.net.SocksSocketImpl.connect(SocksSocketImpl.java:282)
	at java.base/java.net.Socket.connect(Socket.java:665)
	at org.apache.http.conn.scheme.PlainSocketFactory.connectSocket(PlainSocketFactory.java:121)
	at org.apache.http.impl.conn.DefaultClientConnectionOperator.openConnection(DefaultClientConnectionOperator.java:180)
	at org.apache.http.impl.conn.ManagedClientConnectionImpl.open(ManagedClientConnectionImpl.java:326)
	at org.apache.http.impl.client.DefaultRequestDirector.tryConnect(DefaultRequestDirector.java:605)
	at org.apache.http.impl.client.DefaultRequestDirector.execute(DefaultRequestDirector.java:440)
	at org.apache.http.impl.client.AbstractHttpClient.doExecute(AbstractHttpClient.java:835)
	at org.apache.http.impl.client.CloseableHttpClient.execute(CloseableHttpClient.java:83)
	at io.restassured.internal.RestAssuredHttpBuilder.doRequest(RestAssuredHttpBuilder.java:141)
	at io.restassured.internal.http.HTTPBuilder.post(HTTPBuilder.java:349)
	at io.restassured.internal.http.HTTPBuilder$post$2.call(Unknown Source)
	at io.restassured.internal.RequestSpecificationImpl.sendRequest(RequestSpecificationImpl.groovy:1209)
	at io.restassured.internal.RequestSpecificationImpl.this$2$sendRequest(RequestSpecificationImpl.groovy)
	at java.base/jdk.internal.reflect.DirectMethodHandleAccessor.invoke(DirectMethodHandleAccessor.java:104)
	at java.base/java.lang.reflect.Method.invoke(Method.java:565)
	at org.codehaus.groovy.reflection.CachedMethod.invoke(CachedMethod.java:343)
	at groovy.lang.MetaMethod.doMethodInvoke(MetaMethod.java:328)
	at groovy.lang.MetaClassImpl.doInvokeMethod(MetaClassImpl.java:1333)
	at groovy.lang.MetaClassImpl.invokeMethod(MetaClassImpl.java:1088)
	at groovy.lang.MetaClassImpl.invokeMethod(MetaClassImpl.java:1007)
	at groovy.lang.MetaClassImpl.invokeMethod(MetaClassImpl.java:790)
	at io.restassured.internal.RequestSpecificationImpl.invokeMethod(RequestSpecificationImpl.groovy)
	at org.codehaus.groovy.runtime.callsite.PogoInterceptableSite.call(PogoInterceptableSite.java:46)
	at org.codehaus.groovy.runtime.callsite.AbstractCallSite.call(AbstractCallSite.java:166)
	at io.restassured.internal.filter.SendRequestFilter.filter(SendRequestFilter.groovy:30)
	at io.restassured.filter.Filter$filter.call(Unknown Source)
	at org.codehaus.groovy.runtime.callsite.CallSiteArray.defaultCall(CallSiteArray.java:45)
	at io.restassured.filter.Filter$filter$0.call(Unknown Source)
	at io.restassured.internal.filter.FilterContextImpl.next(FilterContextImpl.groovy:72)
	at io.restassured.filter.time.TimingFilter.filter(TimingFilter.java:56)
	at io.restassured.filter.Filter$filter$0.call(Unknown Source)
	at org.codehaus.groovy.runtime.callsite.CallSiteArray.defaultCall(CallSiteArray.java:45)
	at io.restassured.filter.Filter$filter.call(Unknown Source)
	at io.restassured.internal.filter.FilterContextImpl.next(FilterContextImpl.groovy:72)
	at io.restassured.filter.FilterContext$next.call(Unknown Source)
	at io.restassured.internal.filter.CsrfFilter.filter(CsrfFilter.groovy:70)
	at io.restassured.filter.Filter$filter.call(Unknown Source)
	at org.codehaus.groovy.runtime.callsite.CallSiteArray.defaultCall(CallSiteArray.java:45)
	at io.restassured.filter.Filter$filter.call(Unknown Source)
	at io.restassured.internal.filter.FilterContextImpl.next(FilterContextImpl.groovy:72)
	at io.restassured.filter.FilterContext$next.call(Unknown Source)
	at io.restassured.internal.RequestSpecificationImpl.applyPathParamsAndSendRequest(RequestSpecificationImpl.groovy:1704)
	at io.restassured.internal.RequestSpecificationImpl.this$2$applyPathParamsAndSendRequest(RequestSpecificationImpl.groovy)
	at java.base/jdk.internal.reflect.DirectMethodHandleAccessor.invoke(DirectMethodHandleAccessor.java:104)
	at java.base/java.lang.reflect.Method.invoke(Method.java:565)
	at org.codehaus.groovy.reflection.CachedMethod.invoke(CachedMethod.java:343)
	at groovy.lang.MetaMethod.doMethodInvoke(MetaMethod.java:328)
	at groovy.lang.MetaClassImpl.doInvokeMethod(MetaClassImpl.java:1333)
	at groovy.lang.MetaClassImpl.invokeMethod(MetaClassImpl.java:1088)
	at groovy.lang.MetaClassImpl.invokeMethod(MetaClassImpl.java:1007)
	at groovy.lang.MetaClassImpl.invokeMethod(MetaClassImpl.java:790)
	at io.restassured.internal.RequestSpecificationImpl.invokeMethod(RequestSpecificationImpl.groovy)
	at org.codehaus.groovy.runtime.callsite.PogoInterceptableSite.call(PogoInterceptableSite.java:46)
	at org.codehaus.groovy.runtime.callsite.PogoInterceptableSite.callCurrent(PogoInterceptableSite.java:57)
	at org.codehaus.groovy.runtime.callsite.AbstractCallSite.callCurrent(AbstractCallSite.java:203)
	at io.restassured.internal.RequestSpecificationImpl.applyPathParamsAndSendRequest(RequestSpecificationImpl.groovy:1710)
	at io.restassured.internal.RequestSpecificationImpl.this$2$applyPathParamsAndSendRequest(RequestSpecificationImpl.groovy)
	at java.base/jdk.internal.reflect.DirectMethodHandleAccessor.invoke(DirectMethodHandleAccessor.java:104)
	at java.base/java.lang.reflect.Method.invoke(Method.java:565)
	at org.codehaus.groovy.reflection.CachedMethod.invoke(CachedMethod.java:343)
	at groovy.lang.MetaMethod.doMethodInvoke(MetaMethod.java:328)
	at groovy.lang.MetaClassImpl.doInvokeMethod(MetaClassImpl.java:1333)
	at groovy.lang.MetaClassImpl.invokeMethod(MetaClassImpl.java:1088)
	at groovy.lang.MetaClassImpl.invokeMethod(MetaClassImpl.java:1007)
	at groovy.lang.MetaClassImpl.invokeMethod(MetaClassImpl.java:790)
	at io.restassured.internal.RequestSpecificationImpl.invokeMethod(RequestSpecificationImpl.groovy)
	at org.codehaus.groovy.runtime.callsite.PogoInterceptableSite.call(PogoInterceptableSite.java:46)
	at org.codehaus.groovy.runtime.callsite.PogoInterceptableSite.callCurrent(PogoInterceptableSite.java:57)
	at org.codehaus.groovy.runtime.callsite.AbstractCallSite.callCurrent(AbstractCallSite.java:203)
	at io.restassured.internal.RequestSpecificationImpl.post(RequestSpecificationImpl.groovy:176)
	at io.restassured.internal.RequestSpecificationImpl.post(RequestSpecificationImpl.groovy)
	at steps.EmployeeFormSteps.iSubmitEmployeeFormWithTheFollowingData(EmployeeFormSteps.java:64)
	at ✽.I submit employee form with the following data:(classpath:features/employee_form.feature:93)

  Then the response status code should be 200 or 201                                                           # steps.EmployeeFormSteps.theResponseStatusCodeShouldBe200Or201()
  And the response should contain employee information                                                         # steps.EmployeeFormSteps.theResponseShouldContainEmployeeInformation()

@integration @workflow
Scenario: Complete employee registration workflow                                                              # features/employee_form.feature:111
API Endpoint set to: http://localhost:8080/SpringMvcHelloWorld/api/employee
  Given the employee registration API is available at "http://localhost:8080/SpringMvcHelloWorld/api/employee" # steps.EmployeeFormSteps.theEmployeeRegistrationAPIIsAvailableAt(java.lang.String)
21:09:10.534 [main] DEBUG org.apache.http.impl.conn.BasicClientConnectionManager -- Get connection for route {}->http://localhost:8080
21:09:10.534 [main] DEBUG org.apache.http.impl.conn.DefaultClientConnectionOperator -- Connecting to localhost:8080
21:09:10.535 [main] DEBUG org.apache.http.impl.conn.DefaultClientConnectionOperator -- Connect to localhost:8080 timed out. Connection will be retried using another IP address
21:09:10.535 [main] DEBUG org.apache.http.impl.conn.DefaultClientConnectionOperator -- Connecting to localhost:8080
21:09:10.535 [main] DEBUG org.apache.http.impl.conn.DefaultClientConnection -- Connection org.apache.http.impl.conn.DefaultClientConnection@5a4464c5 closed
21:09:10.535 [main] DEBUG org.apache.http.impl.conn.DefaultClientConnection -- Connection org.apache.http.impl.conn.DefaultClientConnection@5a4464c5 shut down
21:09:10.535 [main] DEBUG org.apache.http.impl.conn.BasicClientConnectionManager -- Releasing connection org.apache.http.impl.conn.ManagedClientConnectionImpl@7ae590f6
  When I submit employee form with the following data:                                                         # steps.EmployeeFormSteps.iSubmitEmployeeFormWithTheFollowingData(io.cucumber.datatable.DataTable)
    | field         | value                  |
    | name          | Bob Wilson             |
    | email         | bob.wilson@company.com |
    | contactNumber | +1-555-987-6543        |
    | position      | Senior Developer       |
      java.net.ConnectException: Connection refused
	at java.base/sun.nio.ch.Net.connect0(Native Method)
	at java.base/sun.nio.ch.Net.connect(Net.java:535)
	at java.base/sun.nio.ch.Net.connect(Net.java:524)
	at java.base/sun.nio.ch.NioSocketImpl.connect(NioSocketImpl.java:574)
	at java.base/java.net.SocksSocketImpl.connect(SocksSocketImpl.java:282)
	at java.base/java.net.Socket.connect(Socket.java:665)
	at org.apache.http.conn.scheme.PlainSocketFactory.connectSocket(PlainSocketFactory.java:121)
	at org.apache.http.impl.conn.DefaultClientConnectionOperator.openConnection(DefaultClientConnectionOperator.java:180)
	at org.apache.http.impl.conn.ManagedClientConnectionImpl.open(ManagedClientConnectionImpl.java:326)
	at org.apache.http.impl.client.DefaultRequestDirector.tryConnect(DefaultRequestDirector.java:605)
	at org.apache.http.impl.client.DefaultRequestDirector.execute(DefaultRequestDirector.java:440)
	at org.apache.http.impl.client.AbstractHttpClient.doExecute(AbstractHttpClient.java:835)
	at org.apache.http.impl.client.CloseableHttpClient.execute(CloseableHttpClient.java:83)
	at io.restassured.internal.RestAssuredHttpBuilder.doRequest(RestAssuredHttpBuilder.java:141)
	at io.restassured.internal.http.HTTPBuilder.post(HTTPBuilder.java:349)
	at io.restassured.internal.http.HTTPBuilder$post$2.call(Unknown Source)
	at io.restassured.internal.RequestSpecificationImpl.sendRequest(RequestSpecificationImpl.groovy:1209)
	at io.restassured.internal.RequestSpecificationImpl.this$2$sendRequest(RequestSpecificationImpl.groovy)
	at java.base/jdk.internal.reflect.DirectMethodHandleAccessor.invoke(DirectMethodHandleAccessor.java:104)
	at java.base/java.lang.reflect.Method.invoke(Method.java:565)
	at org.codehaus.groovy.reflection.CachedMethod.invoke(CachedMethod.java:343)
	at groovy.lang.MetaMethod.doMethodInvoke(MetaMethod.java:328)
	at groovy.lang.MetaClassImpl.doInvokeMethod(MetaClassImpl.java:1333)
	at groovy.lang.MetaClassImpl.invokeMethod(MetaClassImpl.java:1088)
	at groovy.lang.MetaClassImpl.invokeMethod(MetaClassImpl.java:1007)
	at groovy.lang.MetaClassImpl.invokeMethod(MetaClassImpl.java:790)
	at io.restassured.internal.RequestSpecificationImpl.invokeMethod(RequestSpecificationImpl.groovy)
	at org.codehaus.groovy.runtime.callsite.PogoInterceptableSite.call(PogoInterceptableSite.java:46)
	at org.codehaus.groovy.runtime.callsite.AbstractCallSite.call(AbstractCallSite.java:166)
	at io.restassured.internal.filter.SendRequestFilter.filter(SendRequestFilter.groovy:30)
	at io.restassured.filter.Filter$filter.call(Unknown Source)
	at org.codehaus.groovy.runtime.callsite.CallSiteArray.defaultCall(CallSiteArray.java:45)
	at io.restassured.filter.Filter$filter$0.call(Unknown Source)
	at io.restassured.internal.filter.FilterContextImpl.next(FilterContextImpl.groovy:72)
	at io.restassured.filter.time.TimingFilter.filter(TimingFilter.java:56)
	at io.restassured.filter.Filter$filter$0.call(Unknown Source)
	at org.codehaus.groovy.runtime.callsite.CallSiteArray.defaultCall(CallSiteArray.java:45)
	at io.restassured.filter.Filter$filter.call(Unknown Source)
	at io.restassured.internal.filter.FilterContextImpl.next(FilterContextImpl.groovy:72)
	at io.restassured.filter.FilterContext$next.call(Unknown Source)
	at io.restassured.internal.filter.CsrfFilter.filter(CsrfFilter.groovy:70)
	at io.restassured.filter.Filter$filter.call(Unknown Source)
	at org.codehaus.groovy.runtime.callsite.CallSiteArray.defaultCall(CallSiteArray.java:45)
	at io.restassured.filter.Filter$filter.call(Unknown Source)
	at io.restassured.internal.filter.FilterContextImpl.next(FilterContextImpl.groovy:72)
	at io.restassured.filter.FilterContext$next.call(Unknown Source)
	at io.restassured.internal.RequestSpecificationImpl.applyPathParamsAndSendRequest(RequestSpecificationImpl.groovy:1704)
	at io.restassured.internal.RequestSpecificationImpl.this$2$applyPathParamsAndSendRequest(RequestSpecificationImpl.groovy)
	at java.base/jdk.internal.reflect.DirectMethodHandleAccessor.invoke(DirectMethodHandleAccessor.java:104)
	at java.base/java.lang.reflect.Method.invoke(Method.java:565)
	at org.codehaus.groovy.reflection.CachedMethod.invoke(CachedMethod.java:343)
	at groovy.lang.MetaMethod.doMethodInvoke(MetaMethod.java:328)
	at groovy.lang.MetaClassImpl.doInvokeMethod(MetaClassImpl.java:1333)
	at groovy.lang.MetaClassImpl.invokeMethod(MetaClassImpl.java:1088)
	at groovy.lang.MetaClassImpl.invokeMethod(MetaClassImpl.java:1007)
	at groovy.lang.MetaClassImpl.invokeMethod(MetaClassImpl.java:790)
	at io.restassured.internal.RequestSpecificationImpl.invokeMethod(RequestSpecificationImpl.groovy)
	at org.codehaus.groovy.runtime.callsite.PogoInterceptableSite.call(PogoInterceptableSite.java:46)
	at org.codehaus.groovy.runtime.callsite.PogoInterceptableSite.callCurrent(PogoInterceptableSite.java:57)
	at org.codehaus.groovy.runtime.callsite.AbstractCallSite.callCurrent(AbstractCallSite.java:203)
	at io.restassured.internal.RequestSpecificationImpl.applyPathParamsAndSendRequest(RequestSpecificationImpl.groovy:1710)
	at io.restassured.internal.RequestSpecificationImpl.this$2$applyPathParamsAndSendRequest(RequestSpecificationImpl.groovy)
	at java.base/jdk.internal.reflect.DirectMethodHandleAccessor.invoke(DirectMethodHandleAccessor.java:104)
	at java.base/java.lang.reflect.Method.invoke(Method.java:565)
	at org.codehaus.groovy.reflection.CachedMethod.invoke(CachedMethod.java:343)
	at groovy.lang.MetaMethod.doMethodInvoke(MetaMethod.java:328)
	at groovy.lang.MetaClassImpl.doInvokeMethod(MetaClassImpl.java:1333)
	at groovy.lang.MetaClassImpl.invokeMethod(MetaClassImpl.java:1088)
	at groovy.lang.MetaClassImpl.invokeMethod(MetaClassImpl.java:1007)
	at groovy.lang.MetaClassImpl.invokeMethod(MetaClassImpl.java:790)
	at io.restassured.internal.RequestSpecificationImpl.invokeMethod(RequestSpecificationImpl.groovy)
	at org.codehaus.groovy.runtime.callsite.PogoInterceptableSite.call(PogoInterceptableSite.java:46)
	at org.codehaus.groovy.runtime.callsite.PogoInterceptableSite.callCurrent(PogoInterceptableSite.java:57)
	at org.codehaus.groovy.runtime.callsite.AbstractCallSite.callCurrent(AbstractCallSite.java:203)
	at io.restassured.internal.RequestSpecificationImpl.post(RequestSpecificationImpl.groovy:176)
	at io.restassured.internal.RequestSpecificationImpl.post(RequestSpecificationImpl.groovy)
	at steps.EmployeeFormSteps.iSubmitEmployeeFormWithTheFollowingData(EmployeeFormSteps.java:64)
	at ✽.I submit employee form with the following data:(classpath:features/employee_form.feature:112)

  Then the response status code should be 200 or 201                                                           # steps.EmployeeFormSteps.theResponseStatusCodeShouldBe200Or201()
  And the response should contain employee information                                                         # steps.EmployeeFormSteps.theResponseShouldContainEmployeeInformation()
  And the employee ID should be generated                                                                      # steps.EmployeeFormSteps.theEmployeeIdShouldBeGenerated()
  And the response should indicate successful registration                                                     # steps.EmployeeFormSteps.theResponseShouldIndicateSuccessfulRegistration()

Failed scenarios:
classpath:features/employee_add_simple.feature:5 # Add one valid employee successfully
classpath:features/employee_form.feature:10 # Submit valid employee form data
classpath:features/employee_form.feature:22 # Submit form with invalid email format
classpath:features/employee_form.feature:34 # Submit form with short name
classpath:features/employee_form.feature:46 # Submit form with invalid phone number
classpath:features/employee_form.feature:58 # Submit form with blank position
classpath:features/employee_form.feature:70 # Submit form with minimum valid name length
classpath:features/employee_form.feature:81 # Submit form with maximum valid name length
classpath:features/employee_form.feature:104 # Submit form with various valid phone number formats
classpath:features/employee_form.feature:105 # Submit form with various valid phone number formats
classpath:features/employee_form.feature:106 # Submit form with various valid phone number formats
classpath:features/employee_form.feature:107 # Submit form with various valid phone number formats
classpath:features/employee_form.feature:108 # Submit form with various valid phone number formats
classpath:features/employee_form.feature:111 # Complete employee registration workflow

14 Scenarios (14 failed)
62 Steps (14 failed, 34 skipped, 14 passed)
0m0.202s


java.net.ConnectException: Connection refused
	at java.base/sun.nio.ch.Net.connect0(Native Method)
	at java.base/sun.nio.ch.Net.connect(Net.java:535)
	at java.base/sun.nio.ch.Net.connect(Net.java:524)
	at java.base/sun.nio.ch.NioSocketImpl.connect(NioSocketImpl.java:574)
	at java.base/java.net.SocksSocketImpl.connect(SocksSocketImpl.java:282)
	at java.base/java.net.Socket.connect(Socket.java:665)
	at org.apache.http.conn.scheme.PlainSocketFactory.connectSocket(PlainSocketFactory.java:121)
	at org.apache.http.impl.conn.DefaultClientConnectionOperator.openConnection(DefaultClientConnectionOperator.java:180)
	at org.apache.http.impl.conn.ManagedClientConnectionImpl.open(ManagedClientConnectionImpl.java:326)
	at org.apache.http.impl.client.DefaultRequestDirector.tryConnect(DefaultRequestDirector.java:605)
	at org.apache.http.impl.client.DefaultRequestDirector.execute(DefaultRequestDirector.java:440)
	at org.apache.http.impl.client.AbstractHttpClient.doExecute(AbstractHttpClient.java:835)
	at org.apache.http.impl.client.CloseableHttpClient.execute(CloseableHttpClient.java:83)
	at io.restassured.internal.RestAssuredHttpBuilder.doRequest(RestAssuredHttpBuilder.java:141)
	at io.restassured.internal.http.HTTPBuilder.post(HTTPBuilder.java:349)
	at io.restassured.internal.http.HTTPBuilder$post$2.call(Unknown Source)
	at io.restassured.internal.RequestSpecificationImpl.sendRequest(RequestSpecificationImpl.groovy:1209)
	at io.restassured.internal.RequestSpecificationImpl.this$2$sendRequest(RequestSpecificationImpl.groovy)
	at java.base/java.lang.reflect.Method.invoke(Method.java:565)
	at org.codehaus.groovy.reflection.CachedMethod.invoke(CachedMethod.java:343)
	at groovy.lang.MetaMethod.doMethodInvoke(MetaMethod.java:328)
	at groovy.lang.MetaClassImpl.doInvokeMethod(MetaClassImpl.java:1333)
	at groovy.lang.MetaClassImpl.invokeMethod(MetaClassImpl.java:1088)
	at groovy.lang.MetaClassImpl.invokeMethod(MetaClassImpl.java:1007)
	at groovy.lang.MetaClassImpl.invokeMethod(MetaClassImpl.java:790)
	at io.restassured.internal.RequestSpecificationImpl.invokeMethod(RequestSpecificationImpl.groovy)
	at org.codehaus.groovy.runtime.callsite.PogoInterceptableSite.call(PogoInterceptableSite.java:46)
	at org.codehaus.groovy.runtime.callsite.AbstractCallSite.call(AbstractCallSite.java:166)
	at io.restassured.internal.filter.SendRequestFilter.filter(SendRequestFilter.groovy:30)
	at io.restassured.filter.Filter$filter.call(Unknown Source)
	at org.codehaus.groovy.runtime.callsite.CallSiteArray.defaultCall(CallSiteArray.java:45)
	at io.restassured.filter.Filter$filter$0.call(Unknown Source)
	at io.restassured.internal.filter.FilterContextImpl.next(FilterContextImpl.groovy:72)
	at io.restassured.filter.time.TimingFilter.filter(TimingFilter.java:56)
	at io.restassured.filter.Filter$filter$0.call(Unknown Source)
	at org.codehaus.groovy.runtime.callsite.CallSiteArray.defaultCall(CallSiteArray.java:45)
	at io.restassured.filter.Filter$filter.call(Unknown Source)
	at io.restassured.internal.filter.FilterContextImpl.next(FilterContextImpl.groovy:72)
	at io.restassured.filter.FilterContext$next.call(Unknown Source)
	at io.restassured.internal.filter.CsrfFilter.filter(CsrfFilter.groovy:70)
	at io.restassured.filter.Filter$filter.call(Unknown Source)
	at org.codehaus.groovy.runtime.callsite.CallSiteArray.defaultCall(CallSiteArray.java:45)
	at io.restassured.filter.Filter$filter.call(Unknown Source)
	at io.restassured.internal.filter.FilterContextImpl.next(FilterContextImpl.groovy:72)
	at io.restassured.filter.FilterContext$next.call(Unknown Source)
	at io.restassured.internal.RequestSpecificationImpl.applyPathParamsAndSendRequest(RequestSpecificationImpl.groovy:1704)
	at io.restassured.internal.RequestSpecificationImpl.this$2$applyPathParamsAndSendRequest(RequestSpecificationImpl.groovy)
	at java.base/java.lang.reflect.Method.invoke(Method.java:565)
	at org.codehaus.groovy.reflection.CachedMethod.invoke(CachedMethod.java:343)
	at groovy.lang.MetaMethod.doMethodInvoke(MetaMethod.java:328)
	at groovy.lang.MetaClassImpl.doInvokeMethod(MetaClassImpl.java:1333)
	at groovy.lang.MetaClassImpl.invokeMethod(MetaClassImpl.java:1088)
	at groovy.lang.MetaClassImpl.invokeMethod(MetaClassImpl.java:1007)
	at groovy.lang.MetaClassImpl.invokeMethod(MetaClassImpl.java:790)
	at io.restassured.internal.RequestSpecificationImpl.invokeMethod(RequestSpecificationImpl.groovy)
	at org.codehaus.groovy.runtime.callsite.PogoInterceptableSite.call(PogoInterceptableSite.java:46)
	at org.codehaus.groovy.runtime.callsite.PogoInterceptableSite.callCurrent(PogoInterceptableSite.java:57)
	at org.codehaus.groovy.runtime.callsite.AbstractCallSite.callCurrent(AbstractCallSite.java:203)
	at io.restassured.internal.RequestSpecificationImpl.applyPathParamsAndSendRequest(RequestSpecificationImpl.groovy:1710)
	at io.restassured.internal.RequestSpecificationImpl.this$2$applyPathParamsAndSendRequest(RequestSpecificationImpl.groovy)
	at java.base/java.lang.reflect.Method.invoke(Method.java:565)
	at org.codehaus.groovy.reflection.CachedMethod.invoke(CachedMethod.java:343)
	at groovy.lang.MetaMethod.doMethodInvoke(MetaMethod.java:328)
	at groovy.lang.MetaClassImpl.doInvokeMethod(MetaClassImpl.java:1333)
	at groovy.lang.MetaClassImpl.invokeMethod(MetaClassImpl.java:1088)
	at groovy.lang.MetaClassImpl.invokeMethod(MetaClassImpl.java:1007)
	at groovy.lang.MetaClassImpl.invokeMethod(MetaClassImpl.java:790)
	at io.restassured.internal.RequestSpecificationImpl.invokeMethod(RequestSpecificationImpl.groovy)
	at org.codehaus.groovy.runtime.callsite.PogoInterceptableSite.call(PogoInterceptableSite.java:46)
	at org.codehaus.groovy.runtime.callsite.PogoInterceptableSite.callCurrent(PogoInterceptableSite.java:57)
	at org.codehaus.groovy.runtime.callsite.AbstractCallSite.callCurrent(AbstractCallSite.java:203)
	at io.restassured.internal.RequestSpecificationImpl.post(RequestSpecificationImpl.groovy:176)
	at io.restassured.internal.RequestSpecificationImpl.post(RequestSpecificationImpl.groovy)
	at steps.EmployeeFormSteps.iSubmitEmployeeFormWithTheFollowingData(EmployeeFormSteps.java:64)
	at ✽.I submit employee form with the following data:(classpath:features/employee_add_simple.feature:6)

java.net.ConnectException: Connection refused
	at java.base/sun.nio.ch.Net.connect0(Native Method)
	at java.base/sun.nio.ch.Net.connect(Net.java:535)
	at java.base/sun.nio.ch.Net.connect(Net.java:524)
	at java.base/sun.nio.ch.NioSocketImpl.connect(NioSocketImpl.java:574)
	at java.base/java.net.SocksSocketImpl.connect(SocksSocketImpl.java:282)
	at java.base/java.net.Socket.connect(Socket.java:665)
	at org.apache.http.conn.scheme.PlainSocketFactory.connectSocket(PlainSocketFactory.java:121)
	at org.apache.http.impl.conn.DefaultClientConnectionOperator.openConnection(DefaultClientConnectionOperator.java:180)
	at org.apache.http.impl.conn.ManagedClientConnectionImpl.open(ManagedClientConnectionImpl.java:326)
	at org.apache.http.impl.client.DefaultRequestDirector.tryConnect(DefaultRequestDirector.java:605)
	at org.apache.http.impl.client.DefaultRequestDirector.execute(DefaultRequestDirector.java:440)
	at org.apache.http.impl.client.AbstractHttpClient.doExecute(AbstractHttpClient.java:835)
	at org.apache.http.impl.client.CloseableHttpClient.execute(CloseableHttpClient.java:83)
	at io.restassured.internal.RestAssuredHttpBuilder.doRequest(RestAssuredHttpBuilder.java:141)
	at io.restassured.internal.http.HTTPBuilder.post(HTTPBuilder.java:349)
	at io.restassured.internal.http.HTTPBuilder$post$2.call(Unknown Source)
	at io.restassured.internal.RequestSpecificationImpl.sendRequest(RequestSpecificationImpl.groovy:1209)
	at io.restassured.internal.RequestSpecificationImpl.this$2$sendRequest(RequestSpecificationImpl.groovy)
	at java.base/java.lang.reflect.Method.invoke(Method.java:565)
	at org.codehaus.groovy.reflection.CachedMethod.invoke(CachedMethod.java:343)
	at groovy.lang.MetaMethod.doMethodInvoke(MetaMethod.java:328)
	at groovy.lang.MetaClassImpl.doInvokeMethod(MetaClassImpl.java:1333)
	at groovy.lang.MetaClassImpl.invokeMethod(MetaClassImpl.java:1088)
	at groovy.lang.MetaClassImpl.invokeMethod(MetaClassImpl.java:1007)
	at groovy.lang.MetaClassImpl.invokeMethod(MetaClassImpl.java:790)
	at io.restassured.internal.RequestSpecificationImpl.invokeMethod(RequestSpecificationImpl.groovy)
	at org.codehaus.groovy.runtime.callsite.PogoInterceptableSite.call(PogoInterceptableSite.java:46)
	at org.codehaus.groovy.runtime.callsite.AbstractCallSite.call(AbstractCallSite.java:166)
	at io.restassured.internal.filter.SendRequestFilter.filter(SendRequestFilter.groovy:30)
	at io.restassured.filter.Filter$filter.call(Unknown Source)
	at org.codehaus.groovy.runtime.callsite.CallSiteArray.defaultCall(CallSiteArray.java:45)
	at io.restassured.filter.Filter$filter$0.call(Unknown Source)
	at io.restassured.internal.filter.FilterContextImpl.next(FilterContextImpl.groovy:72)
	at io.restassured.filter.time.TimingFilter.filter(TimingFilter.java:56)
	at io.restassured.filter.Filter$filter$0.call(Unknown Source)
	at org.codehaus.groovy.runtime.callsite.CallSiteArray.defaultCall(CallSiteArray.java:45)
	at io.restassured.filter.Filter$filter.call(Unknown Source)
	at io.restassured.internal.filter.FilterContextImpl.next(FilterContextImpl.groovy:72)
	at io.restassured.filter.FilterContext$next.call(Unknown Source)
	at io.restassured.internal.filter.CsrfFilter.filter(CsrfFilter.groovy:70)
	at io.restassured.filter.Filter$filter.call(Unknown Source)
	at org.codehaus.groovy.runtime.callsite.CallSiteArray.defaultCall(CallSiteArray.java:45)
	at io.restassured.filter.Filter$filter.call(Unknown Source)
	at io.restassured.internal.filter.FilterContextImpl.next(FilterContextImpl.groovy:72)
	at io.restassured.filter.FilterContext$next.call(Unknown Source)
	at io.restassured.internal.RequestSpecificationImpl.applyPathParamsAndSendRequest(RequestSpecificationImpl.groovy:1704)
	at io.restassured.internal.RequestSpecificationImpl.this$2$applyPathParamsAndSendRequest(RequestSpecificationImpl.groovy)
	at java.base/java.lang.reflect.Method.invoke(Method.java:565)
	at org.codehaus.groovy.reflection.CachedMethod.invoke(CachedMethod.java:343)
	at groovy.lang.MetaMethod.doMethodInvoke(MetaMethod.java:328)
	at groovy.lang.MetaClassImpl.doInvokeMethod(MetaClassImpl.java:1333)
	at groovy.lang.MetaClassImpl.invokeMethod(MetaClassImpl.java:1088)
	at groovy.lang.MetaClassImpl.invokeMethod(MetaClassImpl.java:1007)
	at groovy.lang.MetaClassImpl.invokeMethod(MetaClassImpl.java:790)
	at io.restassured.internal.RequestSpecificationImpl.invokeMethod(RequestSpecificationImpl.groovy)
	at org.codehaus.groovy.runtime.callsite.PogoInterceptableSite.call(PogoInterceptableSite.java:46)
	at org.codehaus.groovy.runtime.callsite.PogoInterceptableSite.callCurrent(PogoInterceptableSite.java:57)
	at org.codehaus.groovy.runtime.callsite.AbstractCallSite.callCurrent(AbstractCallSite.java:203)
	at io.restassured.internal.RequestSpecificationImpl.applyPathParamsAndSendRequest(RequestSpecificationImpl.groovy:1710)
	at io.restassured.internal.RequestSpecificationImpl.this$2$applyPathParamsAndSendRequest(RequestSpecificationImpl.groovy)
	at java.base/java.lang.reflect.Method.invoke(Method.java:565)
	at org.codehaus.groovy.reflection.CachedMethod.invoke(CachedMethod.java:343)
	at groovy.lang.MetaMethod.doMethodInvoke(MetaMethod.java:328)
	at groovy.lang.MetaClassImpl.doInvokeMethod(MetaClassImpl.java:1333)
	at groovy.lang.MetaClassImpl.invokeMethod(MetaClassImpl.java:1088)
	at groovy.lang.MetaClassImpl.invokeMethod(MetaClassImpl.java:1007)
	at groovy.lang.MetaClassImpl.invokeMethod(MetaClassImpl.java:790)
	at io.restassured.internal.RequestSpecificationImpl.invokeMethod(RequestSpecificationImpl.groovy)
	at org.codehaus.groovy.runtime.callsite.PogoInterceptableSite.call(PogoInterceptableSite.java:46)
	at org.codehaus.groovy.runtime.callsite.PogoInterceptableSite.callCurrent(PogoInterceptableSite.java:57)
	at org.codehaus.groovy.runtime.callsite.AbstractCallSite.callCurrent(AbstractCallSite.java:203)
	at io.restassured.internal.RequestSpecificationImpl.post(RequestSpecificationImpl.groovy:176)
	at io.restassured.internal.RequestSpecificationImpl.post(RequestSpecificationImpl.groovy)
	at steps.EmployeeFormSteps.iSubmitEmployeeFormWithTheFollowingData(EmployeeFormSteps.java:64)
	at ✽.I submit employee form with the following data:(classpath:features/employee_form.feature:11)

java.net.ConnectException: Connection refused
	at java.base/sun.nio.ch.Net.connect0(Native Method)
	at java.base/sun.nio.ch.Net.connect(Net.java:535)
	at java.base/sun.nio.ch.Net.connect(Net.java:524)
	at java.base/sun.nio.ch.NioSocketImpl.connect(NioSocketImpl.java:574)
	at java.base/java.net.SocksSocketImpl.connect(SocksSocketImpl.java:282)
	at java.base/java.net.Socket.connect(Socket.java:665)
	at org.apache.http.conn.scheme.PlainSocketFactory.connectSocket(PlainSocketFactory.java:121)
	at org.apache.http.impl.conn.DefaultClientConnectionOperator.openConnection(DefaultClientConnectionOperator.java:180)
	at org.apache.http.impl.conn.ManagedClientConnectionImpl.open(ManagedClientConnectionImpl.java:326)
	at org.apache.http.impl.client.DefaultRequestDirector.tryConnect(DefaultRequestDirector.java:605)
	at org.apache.http.impl.client.DefaultRequestDirector.execute(DefaultRequestDirector.java:440)
	at org.apache.http.impl.client.AbstractHttpClient.doExecute(AbstractHttpClient.java:835)
	at org.apache.http.impl.client.CloseableHttpClient.execute(CloseableHttpClient.java:83)
	at io.restassured.internal.RestAssuredHttpBuilder.doRequest(RestAssuredHttpBuilder.java:141)
	at io.restassured.internal.http.HTTPBuilder.post(HTTPBuilder.java:349)
	at io.restassured.internal.http.HTTPBuilder$post$2.call(Unknown Source)
	at io.restassured.internal.RequestSpecificationImpl.sendRequest(RequestSpecificationImpl.groovy:1209)
	at io.restassured.internal.RequestSpecificationImpl.this$2$sendRequest(RequestSpecificationImpl.groovy)
	at java.base/java.lang.reflect.Method.invoke(Method.java:565)
	at org.codehaus.groovy.reflection.CachedMethod.invoke(CachedMethod.java:343)
	at groovy.lang.MetaMethod.doMethodInvoke(MetaMethod.java:328)
	at groovy.lang.MetaClassImpl.doInvokeMethod(MetaClassImpl.java:1333)
	at groovy.lang.MetaClassImpl.invokeMethod(MetaClassImpl.java:1088)
	at groovy.lang.MetaClassImpl.invokeMethod(MetaClassImpl.java:1007)
	at groovy.lang.MetaClassImpl.invokeMethod(MetaClassImpl.java:790)
	at io.restassured.internal.RequestSpecificationImpl.invokeMethod(RequestSpecificationImpl.groovy)
	at org.codehaus.groovy.runtime.callsite.PogoInterceptableSite.call(PogoInterceptableSite.java:46)
	at org.codehaus.groovy.runtime.callsite.AbstractCallSite.call(AbstractCallSite.java:166)
	at io.restassured.internal.filter.SendRequestFilter.filter(SendRequestFilter.groovy:30)
	at io.restassured.filter.Filter$filter.call(Unknown Source)
	at org.codehaus.groovy.runtime.callsite.CallSiteArray.defaultCall(CallSiteArray.java:45)
	at io.restassured.filter.Filter$filter$0.call(Unknown Source)
	at io.restassured.internal.filter.FilterContextImpl.next(FilterContextImpl.groovy:72)
	at io.restassured.filter.time.TimingFilter.filter(TimingFilter.java:56)
	at io.restassured.filter.Filter$filter$0.call(Unknown Source)
	at org.codehaus.groovy.runtime.callsite.CallSiteArray.defaultCall(CallSiteArray.java:45)
	at io.restassured.filter.Filter$filter.call(Unknown Source)
	at io.restassured.internal.filter.FilterContextImpl.next(FilterContextImpl.groovy:72)
	at io.restassured.filter.FilterContext$next.call(Unknown Source)
	at io.restassured.internal.filter.CsrfFilter.filter(CsrfFilter.groovy:70)
	at io.restassured.filter.Filter$filter.call(Unknown Source)
	at org.codehaus.groovy.runtime.callsite.CallSiteArray.defaultCall(CallSiteArray.java:45)
	at io.restassured.filter.Filter$filter.call(Unknown Source)
	at io.restassured.internal.filter.FilterContextImpl.next(FilterContextImpl.groovy:72)
	at io.restassured.filter.FilterContext$next.call(Unknown Source)
	at io.restassured.internal.RequestSpecificationImpl.applyPathParamsAndSendRequest(RequestSpecificationImpl.groovy:1704)
	at io.restassured.internal.RequestSpecificationImpl.this$2$applyPathParamsAndSendRequest(RequestSpecificationImpl.groovy)
	at java.base/java.lang.reflect.Method.invoke(Method.java:565)
	at org.codehaus.groovy.reflection.CachedMethod.invoke(CachedMethod.java:343)
	at groovy.lang.MetaMethod.doMethodInvoke(MetaMethod.java:328)
	at groovy.lang.MetaClassImpl.doInvokeMethod(MetaClassImpl.java:1333)
	at groovy.lang.MetaClassImpl.invokeMethod(MetaClassImpl.java:1088)
	at groovy.lang.MetaClassImpl.invokeMethod(MetaClassImpl.java:1007)
	at groovy.lang.MetaClassImpl.invokeMethod(MetaClassImpl.java:790)
	at io.restassured.internal.RequestSpecificationImpl.invokeMethod(RequestSpecificationImpl.groovy)
	at org.codehaus.groovy.runtime.callsite.PogoInterceptableSite.call(PogoInterceptableSite.java:46)
	at org.codehaus.groovy.runtime.callsite.PogoInterceptableSite.callCurrent(PogoInterceptableSite.java:57)
	at org.codehaus.groovy.runtime.callsite.AbstractCallSite.callCurrent(AbstractCallSite.java:203)
	at io.restassured.internal.RequestSpecificationImpl.applyPathParamsAndSendRequest(RequestSpecificationImpl.groovy:1710)
	at io.restassured.internal.RequestSpecificationImpl.this$2$applyPathParamsAndSendRequest(RequestSpecificationImpl.groovy)
	at java.base/java.lang.reflect.Method.invoke(Method.java:565)
	at org.codehaus.groovy.reflection.CachedMethod.invoke(CachedMethod.java:343)
	at groovy.lang.MetaMethod.doMethodInvoke(MetaMethod.java:328)
	at groovy.lang.MetaClassImpl.doInvokeMethod(MetaClassImpl.java:1333)
	at groovy.lang.MetaClassImpl.invokeMethod(MetaClassImpl.java:1088)
	at groovy.lang.MetaClassImpl.invokeMethod(MetaClassImpl.java:1007)
	at groovy.lang.MetaClassImpl.invokeMethod(MetaClassImpl.java:790)
	at io.restassured.internal.RequestSpecificationImpl.invokeMethod(RequestSpecificationImpl.groovy)
	at org.codehaus.groovy.runtime.callsite.PogoInterceptableSite.call(PogoInterceptableSite.java:46)
	at org.codehaus.groovy.runtime.callsite.PogoInterceptableSite.callCurrent(PogoInterceptableSite.java:57)
	at org.codehaus.groovy.runtime.callsite.AbstractCallSite.callCurrent(AbstractCallSite.java:203)
	at io.restassured.internal.RequestSpecificationImpl.post(RequestSpecificationImpl.groovy:176)
	at io.restassured.internal.RequestSpecificationImpl.post(RequestSpecificationImpl.groovy)
	at steps.EmployeeFormSteps.iSubmitEmployeeFormWithTheFollowingData(EmployeeFormSteps.java:64)
	at ✽.I submit employee form with the following data:(classpath:features/employee_form.feature:23)

java.net.ConnectException: Connection refused
	at java.base/sun.nio.ch.Net.connect0(Native Method)
	at java.base/sun.nio.ch.Net.connect(Net.java:535)
	at java.base/sun.nio.ch.Net.connect(Net.java:524)
	at java.base/sun.nio.ch.NioSocketImpl.connect(NioSocketImpl.java:574)
	at java.base/java.net.SocksSocketImpl.connect(SocksSocketImpl.java:282)
	at java.base/java.net.Socket.connect(Socket.java:665)
	at org.apache.http.conn.scheme.PlainSocketFactory.connectSocket(PlainSocketFactory.java:121)
	at org.apache.http.impl.conn.DefaultClientConnectionOperator.openConnection(DefaultClientConnectionOperator.java:180)
	at org.apache.http.impl.conn.ManagedClientConnectionImpl.open(ManagedClientConnectionImpl.java:326)
	at org.apache.http.impl.client.DefaultRequestDirector.tryConnect(DefaultRequestDirector.java:605)
	at org.apache.http.impl.client.DefaultRequestDirector.execute(DefaultRequestDirector.java:440)
	at org.apache.http.impl.client.AbstractHttpClient.doExecute(AbstractHttpClient.java:835)
	at org.apache.http.impl.client.CloseableHttpClient.execute(CloseableHttpClient.java:83)
	at io.restassured.internal.RestAssuredHttpBuilder.doRequest(RestAssuredHttpBuilder.java:141)
	at io.restassured.internal.http.HTTPBuilder.post(HTTPBuilder.java:349)
	at io.restassured.internal.http.HTTPBuilder$post$2.call(Unknown Source)
	at io.restassured.internal.RequestSpecificationImpl.sendRequest(RequestSpecificationImpl.groovy:1209)
	at io.restassured.internal.RequestSpecificationImpl.this$2$sendRequest(RequestSpecificationImpl.groovy)
	at java.base/java.lang.reflect.Method.invoke(Method.java:565)
	at org.codehaus.groovy.reflection.CachedMethod.invoke(CachedMethod.java:343)
	at groovy.lang.MetaMethod.doMethodInvoke(MetaMethod.java:328)
	at groovy.lang.MetaClassImpl.doInvokeMethod(MetaClassImpl.java:1333)
	at groovy.lang.MetaClassImpl.invokeMethod(MetaClassImpl.java:1088)
	at groovy.lang.MetaClassImpl.invokeMethod(MetaClassImpl.java:1007)
	at groovy.lang.MetaClassImpl.invokeMethod(MetaClassImpl.java:790)
	at io.restassured.internal.RequestSpecificationImpl.invokeMethod(RequestSpecificationImpl.groovy)
	at org.codehaus.groovy.runtime.callsite.PogoInterceptableSite.call(PogoInterceptableSite.java:46)
	at org.codehaus.groovy.runtime.callsite.AbstractCallSite.call(AbstractCallSite.java:166)
	at io.restassured.internal.filter.SendRequestFilter.filter(SendRequestFilter.groovy:30)
	at io.restassured.filter.Filter$filter.call(Unknown Source)
	at org.codehaus.groovy.runtime.callsite.CallSiteArray.defaultCall(CallSiteArray.java:45)
	at io.restassured.filter.Filter$filter$0.call(Unknown Source)
	at io.restassured.internal.filter.FilterContextImpl.next(FilterContextImpl.groovy:72)
	at io.restassured.filter.time.TimingFilter.filter(TimingFilter.java:56)
	at io.restassured.filter.Filter$filter$0.call(Unknown Source)
	at org.codehaus.groovy.runtime.callsite.CallSiteArray.defaultCall(CallSiteArray.java:45)
	at io.restassured.filter.Filter$filter.call(Unknown Source)
	at io.restassured.internal.filter.FilterContextImpl.next(FilterContextImpl.groovy:72)
	at io.restassured.filter.FilterContext$next.call(Unknown Source)
	at io.restassured.internal.filter.CsrfFilter.filter(CsrfFilter.groovy:70)
	at io.restassured.filter.Filter$filter.call(Unknown Source)
	at org.codehaus.groovy.runtime.callsite.CallSiteArray.defaultCall(CallSiteArray.java:45)
	at io.restassured.filter.Filter$filter.call(Unknown Source)
	at io.restassured.internal.filter.FilterContextImpl.next(FilterContextImpl.groovy:72)
	at io.restassured.filter.FilterContext$next.call(Unknown Source)
	at io.restassured.internal.RequestSpecificationImpl.applyPathParamsAndSendRequest(RequestSpecificationImpl.groovy:1704)
	at io.restassured.internal.RequestSpecificationImpl.this$2$applyPathParamsAndSendRequest(RequestSpecificationImpl.groovy)
	at java.base/java.lang.reflect.Method.invoke(Method.java:565)
	at org.codehaus.groovy.reflection.CachedMethod.invoke(CachedMethod.java:343)
	at groovy.lang.MetaMethod.doMethodInvoke(MetaMethod.java:328)
	at groovy.lang.MetaClassImpl.doInvokeMethod(MetaClassImpl.java:1333)
	at groovy.lang.MetaClassImpl.invokeMethod(MetaClassImpl.java:1088)
	at groovy.lang.MetaClassImpl.invokeMethod(MetaClassImpl.java:1007)
	at groovy.lang.MetaClassImpl.invokeMethod(MetaClassImpl.java:790)
	at io.restassured.internal.RequestSpecificationImpl.invokeMethod(RequestSpecificationImpl.groovy)
	at org.codehaus.groovy.runtime.callsite.PogoInterceptableSite.call(PogoInterceptableSite.java:46)
	at org.codehaus.groovy.runtime.callsite.PogoInterceptableSite.callCurrent(PogoInterceptableSite.java:57)
	at org.codehaus.groovy.runtime.callsite.AbstractCallSite.callCurrent(AbstractCallSite.java:203)
	at io.restassured.internal.RequestSpecificationImpl.applyPathParamsAndSendRequest(RequestSpecificationImpl.groovy:1710)
	at io.restassured.internal.RequestSpecificationImpl.this$2$applyPathParamsAndSendRequest(RequestSpecificationImpl.groovy)
	at java.base/java.lang.reflect.Method.invoke(Method.java:565)
	at org.codehaus.groovy.reflection.CachedMethod.invoke(CachedMethod.java:343)
	at groovy.lang.MetaMethod.doMethodInvoke(MetaMethod.java:328)
	at groovy.lang.MetaClassImpl.doInvokeMethod(MetaClassImpl.java:1333)
	at groovy.lang.MetaClassImpl.invokeMethod(MetaClassImpl.java:1088)
	at groovy.lang.MetaClassImpl.invokeMethod(MetaClassImpl.java:1007)
	at groovy.lang.MetaClassImpl.invokeMethod(MetaClassImpl.java:790)
	at io.restassured.internal.RequestSpecificationImpl.invokeMethod(RequestSpecificationImpl.groovy)
	at org.codehaus.groovy.runtime.callsite.PogoInterceptableSite.call(PogoInterceptableSite.java:46)
	at org.codehaus.groovy.runtime.callsite.PogoInterceptableSite.callCurrent(PogoInterceptableSite.java:57)
	at org.codehaus.groovy.runtime.callsite.AbstractCallSite.callCurrent(AbstractCallSite.java:203)
	at io.restassured.internal.RequestSpecificationImpl.post(RequestSpecificationImpl.groovy:176)
	at io.restassured.internal.RequestSpecificationImpl.post(RequestSpecificationImpl.groovy)
	at steps.EmployeeFormSteps.iSubmitEmployeeFormWithTheFollowingData(EmployeeFormSteps.java:64)
	at ✽.I submit employee form with the following data:(classpath:features/employee_form.feature:35)

java.net.ConnectException: Connection refused
	at java.base/sun.nio.ch.Net.connect0(Native Method)
	at java.base/sun.nio.ch.Net.connect(Net.java:535)
	at java.base/sun.nio.ch.Net.connect(Net.java:524)
	at java.base/sun.nio.ch.NioSocketImpl.connect(NioSocketImpl.java:574)
	at java.base/java.net.SocksSocketImpl.connect(SocksSocketImpl.java:282)
	at java.base/java.net.Socket.connect(Socket.java:665)
	at org.apache.http.conn.scheme.PlainSocketFactory.connectSocket(PlainSocketFactory.java:121)
	at org.apache.http.impl.conn.DefaultClientConnectionOperator.openConnection(DefaultClientConnectionOperator.java:180)
	at org.apache.http.impl.conn.ManagedClientConnectionImpl.open(ManagedClientConnectionImpl.java:326)
	at org.apache.http.impl.client.DefaultRequestDirector.tryConnect(DefaultRequestDirector.java:605)
	at org.apache.http.impl.client.DefaultRequestDirector.execute(DefaultRequestDirector.java:440)
	at org.apache.http.impl.client.AbstractHttpClient.doExecute(AbstractHttpClient.java:835)
	at org.apache.http.impl.client.CloseableHttpClient.execute(CloseableHttpClient.java:83)
	at io.restassured.internal.RestAssuredHttpBuilder.doRequest(RestAssuredHttpBuilder.java:141)
	at io.restassured.internal.http.HTTPBuilder.post(HTTPBuilder.java:349)
	at io.restassured.internal.http.HTTPBuilder$post$2.call(Unknown Source)
	at io.restassured.internal.RequestSpecificationImpl.sendRequest(RequestSpecificationImpl.groovy:1209)
	at io.restassured.internal.RequestSpecificationImpl.this$2$sendRequest(RequestSpecificationImpl.groovy)
	at java.base/java.lang.reflect.Method.invoke(Method.java:565)
	at org.codehaus.groovy.reflection.CachedMethod.invoke(CachedMethod.java:343)
	at groovy.lang.MetaMethod.doMethodInvoke(MetaMethod.java:328)
	at groovy.lang.MetaClassImpl.doInvokeMethod(MetaClassImpl.java:1333)
	at groovy.lang.MetaClassImpl.invokeMethod(MetaClassImpl.java:1088)
	at groovy.lang.MetaClassImpl.invokeMethod(MetaClassImpl.java:1007)
	at groovy.lang.MetaClassImpl.invokeMethod(MetaClassImpl.java:790)
	at io.restassured.internal.RequestSpecificationImpl.invokeMethod(RequestSpecificationImpl.groovy)
	at org.codehaus.groovy.runtime.callsite.PogoInterceptableSite.call(PogoInterceptableSite.java:46)
	at org.codehaus.groovy.runtime.callsite.AbstractCallSite.call(AbstractCallSite.java:166)
	at io.restassured.internal.filter.SendRequestFilter.filter(SendRequestFilter.groovy:30)
	at io.restassured.filter.Filter$filter.call(Unknown Source)
	at org.codehaus.groovy.runtime.callsite.CallSiteArray.defaultCall(CallSiteArray.java:45)
	at io.restassured.filter.Filter$filter$0.call(Unknown Source)
	at io.restassured.internal.filter.FilterContextImpl.next(FilterContextImpl.groovy:72)
	at io.restassured.filter.time.TimingFilter.filter(TimingFilter.java:56)
	at io.restassured.filter.Filter$filter$0.call(Unknown Source)
	at org.codehaus.groovy.runtime.callsite.CallSiteArray.defaultCall(CallSiteArray.java:45)
	at io.restassured.filter.Filter$filter.call(Unknown Source)
	at io.restassured.internal.filter.FilterContextImpl.next(FilterContextImpl.groovy:72)
	at io.restassured.filter.FilterContext$next.call(Unknown Source)
	at io.restassured.internal.filter.CsrfFilter.filter(CsrfFilter.groovy:70)
	at io.restassured.filter.Filter$filter.call(Unknown Source)
	at org.codehaus.groovy.runtime.callsite.CallSiteArray.defaultCall(CallSiteArray.java:45)
	at io.restassured.filter.Filter$filter.call(Unknown Source)
	at io.restassured.internal.filter.FilterContextImpl.next(FilterContextImpl.groovy:72)
	at io.restassured.filter.FilterContext$next.call(Unknown Source)
	at io.restassured.internal.RequestSpecificationImpl.applyPathParamsAndSendRequest(RequestSpecificationImpl.groovy:1704)
	at io.restassured.internal.RequestSpecificationImpl.this$2$applyPathParamsAndSendRequest(RequestSpecificationImpl.groovy)
	at java.base/java.lang.reflect.Method.invoke(Method.java:565)
	at org.codehaus.groovy.reflection.CachedMethod.invoke(CachedMethod.java:343)
	at groovy.lang.MetaMethod.doMethodInvoke(MetaMethod.java:328)
	at groovy.lang.MetaClassImpl.doInvokeMethod(MetaClassImpl.java:1333)
	at groovy.lang.MetaClassImpl.invokeMethod(MetaClassImpl.java:1088)
	at groovy.lang.MetaClassImpl.invokeMethod(MetaClassImpl.java:1007)
	at groovy.lang.MetaClassImpl.invokeMethod(MetaClassImpl.java:790)
	at io.restassured.internal.RequestSpecificationImpl.invokeMethod(RequestSpecificationImpl.groovy)
	at org.codehaus.groovy.runtime.callsite.PogoInterceptableSite.call(PogoInterceptableSite.java:46)
	at org.codehaus.groovy.runtime.callsite.PogoInterceptableSite.callCurrent(PogoInterceptableSite.java:57)
	at org.codehaus.groovy.runtime.callsite.AbstractCallSite.callCurrent(AbstractCallSite.java:203)
	at io.restassured.internal.RequestSpecificationImpl.applyPathParamsAndSendRequest(RequestSpecificationImpl.groovy:1710)
	at io.restassured.internal.RequestSpecificationImpl.this$2$applyPathParamsAndSendRequest(RequestSpecificationImpl.groovy)
	at java.base/java.lang.reflect.Method.invoke(Method.java:565)
	at org.codehaus.groovy.reflection.CachedMethod.invoke(CachedMethod.java:343)
	at groovy.lang.MetaMethod.doMethodInvoke(MetaMethod.java:328)
	at groovy.lang.MetaClassImpl.doInvokeMethod(MetaClassImpl.java:1333)
	at groovy.lang.MetaClassImpl.invokeMethod(MetaClassImpl.java:1088)
	at groovy.lang.MetaClassImpl.invokeMethod(MetaClassImpl.java:1007)
	at groovy.lang.MetaClassImpl.invokeMethod(MetaClassImpl.java:790)
	at io.restassured.internal.RequestSpecificationImpl.invokeMethod(RequestSpecificationImpl.groovy)
	at org.codehaus.groovy.runtime.callsite.PogoInterceptableSite.call(PogoInterceptableSite.java:46)
	at org.codehaus.groovy.runtime.callsite.PogoInterceptableSite.callCurrent(PogoInterceptableSite.java:57)
	at org.codehaus.groovy.runtime.callsite.AbstractCallSite.callCurrent(AbstractCallSite.java:203)
	at io.restassured.internal.RequestSpecificationImpl.post(RequestSpecificationImpl.groovy:176)
	at io.restassured.internal.RequestSpecificationImpl.post(RequestSpecificationImpl.groovy)
	at steps.EmployeeFormSteps.iSubmitEmployeeFormWithTheFollowingData(EmployeeFormSteps.java:64)
	at ✽.I submit employee form with the following data:(classpath:features/employee_form.feature:47)

java.net.ConnectException: Connection refused
	at java.base/sun.nio.ch.Net.connect0(Native Method)
	at java.base/sun.nio.ch.Net.connect(Net.java:535)
	at java.base/sun.nio.ch.Net.connect(Net.java:524)
	at java.base/sun.nio.ch.NioSocketImpl.connect(NioSocketImpl.java:574)
	at java.base/java.net.SocksSocketImpl.connect(SocksSocketImpl.java:282)
	at java.base/java.net.Socket.connect(Socket.java:665)
	at org.apache.http.conn.scheme.PlainSocketFactory.connectSocket(PlainSocketFactory.java:121)
	at org.apache.http.impl.conn.DefaultClientConnectionOperator.openConnection(DefaultClientConnectionOperator.java:180)
	at org.apache.http.impl.conn.ManagedClientConnectionImpl.open(ManagedClientConnectionImpl.java:326)
	at org.apache.http.impl.client.DefaultRequestDirector.tryConnect(DefaultRequestDirector.java:605)
	at org.apache.http.impl.client.DefaultRequestDirector.execute(DefaultRequestDirector.java:440)
	at org.apache.http.impl.client.AbstractHttpClient.doExecute(AbstractHttpClient.java:835)
	at org.apache.http.impl.client.CloseableHttpClient.execute(CloseableHttpClient.java:83)
	at io.restassured.internal.RestAssuredHttpBuilder.doRequest(RestAssuredHttpBuilder.java:141)
	at io.restassured.internal.http.HTTPBuilder.post(HTTPBuilder.java:349)
	at io.restassured.internal.http.HTTPBuilder$post$2.call(Unknown Source)
	at io.restassured.internal.RequestSpecificationImpl.sendRequest(RequestSpecificationImpl.groovy:1209)
	at io.restassured.internal.RequestSpecificationImpl.this$2$sendRequest(RequestSpecificationImpl.groovy)
	at java.base/java.lang.reflect.Method.invoke(Method.java:565)
	at org.codehaus.groovy.reflection.CachedMethod.invoke(CachedMethod.java:343)
	at groovy.lang.MetaMethod.doMethodInvoke(MetaMethod.java:328)
	at groovy.lang.MetaClassImpl.doInvokeMethod(MetaClassImpl.java:1333)
	at groovy.lang.MetaClassImpl.invokeMethod(MetaClassImpl.java:1088)
	at groovy.lang.MetaClassImpl.invokeMethod(MetaClassImpl.java:1007)
	at groovy.lang.MetaClassImpl.invokeMethod(MetaClassImpl.java:790)
	at io.restassured.internal.RequestSpecificationImpl.invokeMethod(RequestSpecificationImpl.groovy)
	at org.codehaus.groovy.runtime.callsite.PogoInterceptableSite.call(PogoInterceptableSite.java:46)
	at org.codehaus.groovy.runtime.callsite.AbstractCallSite.call(AbstractCallSite.java:166)
	at io.restassured.internal.filter.SendRequestFilter.filter(SendRequestFilter.groovy:30)
	at io.restassured.filter.Filter$filter.call(Unknown Source)
	at org.codehaus.groovy.runtime.callsite.CallSiteArray.defaultCall(CallSiteArray.java:45)
	at io.restassured.filter.Filter$filter$0.call(Unknown Source)
	at io.restassured.internal.filter.FilterContextImpl.next(FilterContextImpl.groovy:72)
	at io.restassured.filter.time.TimingFilter.filter(TimingFilter.java:56)
	at io.restassured.filter.Filter$filter$0.call(Unknown Source)
	at org.codehaus.groovy.runtime.callsite.CallSiteArray.defaultCall(CallSiteArray.java:45)
	at io.restassured.filter.Filter$filter.call(Unknown Source)
	at io.restassured.internal.filter.FilterContextImpl.next(FilterContextImpl.groovy:72)
	at io.restassured.filter.FilterContext$next.call(Unknown Source)
	at io.restassured.internal.filter.CsrfFilter.filter(CsrfFilter.groovy:70)
	at io.restassured.filter.Filter$filter.call(Unknown Source)
	at org.codehaus.groovy.runtime.callsite.CallSiteArray.defaultCall(CallSiteArray.java:45)
	at io.restassured.filter.Filter$filter.call(Unknown Source)
	at io.restassured.internal.filter.FilterContextImpl.next(FilterContextImpl.groovy:72)
	at io.restassured.filter.FilterContext$next.call(Unknown Source)
	at io.restassured.internal.RequestSpecificationImpl.applyPathParamsAndSendRequest(RequestSpecificationImpl.groovy:1704)
	at io.restassured.internal.RequestSpecificationImpl.this$2$applyPathParamsAndSendRequest(RequestSpecificationImpl.groovy)
	at java.base/java.lang.reflect.Method.invoke(Method.java:565)
	at org.codehaus.groovy.reflection.CachedMethod.invoke(CachedMethod.java:343)
	at groovy.lang.MetaMethod.doMethodInvoke(MetaMethod.java:328)
	at groovy.lang.MetaClassImpl.doInvokeMethod(MetaClassImpl.java:1333)
	at groovy.lang.MetaClassImpl.invokeMethod(MetaClassImpl.java:1088)
	at groovy.lang.MetaClassImpl.invokeMethod(MetaClassImpl.java:1007)
	at groovy.lang.MetaClassImpl.invokeMethod(MetaClassImpl.java:790)
	at io.restassured.internal.RequestSpecificationImpl.invokeMethod(RequestSpecificationImpl.groovy)
	at org.codehaus.groovy.runtime.callsite.PogoInterceptableSite.call(PogoInterceptableSite.java:46)
	at org.codehaus.groovy.runtime.callsite.PogoInterceptableSite.callCurrent(PogoInterceptableSite.java:57)
	at org.codehaus.groovy.runtime.callsite.AbstractCallSite.callCurrent(AbstractCallSite.java:203)
	at io.restassured.internal.RequestSpecificationImpl.applyPathParamsAndSendRequest(RequestSpecificationImpl.groovy:1710)
	at io.restassured.internal.RequestSpecificationImpl.this$2$applyPathParamsAndSendRequest(RequestSpecificationImpl.groovy)
	at java.base/java.lang.reflect.Method.invoke(Method.java:565)
	at org.codehaus.groovy.reflection.CachedMethod.invoke(CachedMethod.java:343)
	at groovy.lang.MetaMethod.doMethodInvoke(MetaMethod.java:328)
	at groovy.lang.MetaClassImpl.doInvokeMethod(MetaClassImpl.java:1333)
	at groovy.lang.MetaClassImpl.invokeMethod(MetaClassImpl.java:1088)
	at groovy.lang.MetaClassImpl.invokeMethod(MetaClassImpl.java:1007)
	at groovy.lang.MetaClassImpl.invokeMethod(MetaClassImpl.java:790)
	at io.restassured.internal.RequestSpecificationImpl.invokeMethod(RequestSpecificationImpl.groovy)
	at org.codehaus.groovy.runtime.callsite.PogoInterceptableSite.call(PogoInterceptableSite.java:46)
	at org.codehaus.groovy.runtime.callsite.PogoInterceptableSite.callCurrent(PogoInterceptableSite.java:57)
	at org.codehaus.groovy.runtime.callsite.AbstractCallSite.callCurrent(AbstractCallSite.java:203)
	at io.restassured.internal.RequestSpecificationImpl.post(RequestSpecificationImpl.groovy:176)
	at io.restassured.internal.RequestSpecificationImpl.post(RequestSpecificationImpl.groovy)
	at steps.EmployeeFormSteps.iSubmitEmployeeFormWithTheFollowingData(EmployeeFormSteps.java:64)
	at ✽.I submit employee form with the following data:(classpath:features/employee_form.feature:59)

java.net.ConnectException: Connection refused
	at java.base/sun.nio.ch.Net.connect0(Native Method)
	at java.base/sun.nio.ch.Net.connect(Net.java:535)
	at java.base/sun.nio.ch.Net.connect(Net.java:524)
	at java.base/sun.nio.ch.NioSocketImpl.connect(NioSocketImpl.java:574)
	at java.base/java.net.SocksSocketImpl.connect(SocksSocketImpl.java:282)
	at java.base/java.net.Socket.connect(Socket.java:665)
	at org.apache.http.conn.scheme.PlainSocketFactory.connectSocket(PlainSocketFactory.java:121)
	at org.apache.http.impl.conn.DefaultClientConnectionOperator.openConnection(DefaultClientConnectionOperator.java:180)
	at org.apache.http.impl.conn.ManagedClientConnectionImpl.open(ManagedClientConnectionImpl.java:326)
	at org.apache.http.impl.client.DefaultRequestDirector.tryConnect(DefaultRequestDirector.java:605)
	at org.apache.http.impl.client.DefaultRequestDirector.execute(DefaultRequestDirector.java:440)
	at org.apache.http.impl.client.AbstractHttpClient.doExecute(AbstractHttpClient.java:835)
	at org.apache.http.impl.client.CloseableHttpClient.execute(CloseableHttpClient.java:83)
	at io.restassured.internal.RestAssuredHttpBuilder.doRequest(RestAssuredHttpBuilder.java:141)
	at io.restassured.internal.http.HTTPBuilder.post(HTTPBuilder.java:349)
	at io.restassured.internal.http.HTTPBuilder$post$2.call(Unknown Source)
	at io.restassured.internal.RequestSpecificationImpl.sendRequest(RequestSpecificationImpl.groovy:1209)
	at io.restassured.internal.RequestSpecificationImpl.this$2$sendRequest(RequestSpecificationImpl.groovy)
	at java.base/java.lang.reflect.Method.invoke(Method.java:565)
	at org.codehaus.groovy.reflection.CachedMethod.invoke(CachedMethod.java:343)
	at groovy.lang.MetaMethod.doMethodInvoke(MetaMethod.java:328)
	at groovy.lang.MetaClassImpl.doInvokeMethod(MetaClassImpl.java:1333)
	at groovy.lang.MetaClassImpl.invokeMethod(MetaClassImpl.java:1088)
	at groovy.lang.MetaClassImpl.invokeMethod(MetaClassImpl.java:1007)
	at groovy.lang.MetaClassImpl.invokeMethod(MetaClassImpl.java:790)
	at io.restassured.internal.RequestSpecificationImpl.invokeMethod(RequestSpecificationImpl.groovy)
	at org.codehaus.groovy.runtime.callsite.PogoInterceptableSite.call(PogoInterceptableSite.java:46)
	at org.codehaus.groovy.runtime.callsite.AbstractCallSite.call(AbstractCallSite.java:166)
	at io.restassured.internal.filter.SendRequestFilter.filter(SendRequestFilter.groovy:30)
	at io.restassured.filter.Filter$filter.call(Unknown Source)
	at org.codehaus.groovy.runtime.callsite.CallSiteArray.defaultCall(CallSiteArray.java:45)
	at io.restassured.filter.Filter$filter$0.call(Unknown Source)
	at io.restassured.internal.filter.FilterContextImpl.next(FilterContextImpl.groovy:72)
	at io.restassured.filter.time.TimingFilter.filter(TimingFilter.java:56)
	at io.restassured.filter.Filter$filter$0.call(Unknown Source)
	at org.codehaus.groovy.runtime.callsite.CallSiteArray.defaultCall(CallSiteArray.java:45)
	at io.restassured.filter.Filter$filter.call(Unknown Source)
	at io.restassured.internal.filter.FilterContextImpl.next(FilterContextImpl.groovy:72)
	at io.restassured.filter.FilterContext$next.call(Unknown Source)
	at io.restassured.internal.filter.CsrfFilter.filter(CsrfFilter.groovy:70)
	at io.restassured.filter.Filter$filter.call(Unknown Source)
	at org.codehaus.groovy.runtime.callsite.CallSiteArray.defaultCall(CallSiteArray.java:45)
	at io.restassured.filter.Filter$filter.call(Unknown Source)
	at io.restassured.internal.filter.FilterContextImpl.next(FilterContextImpl.groovy:72)
	at io.restassured.filter.FilterContext$next.call(Unknown Source)
	at io.restassured.internal.RequestSpecificationImpl.applyPathParamsAndSendRequest(RequestSpecificationImpl.groovy:1704)
	at io.restassured.internal.RequestSpecificationImpl.this$2$applyPathParamsAndSendRequest(RequestSpecificationImpl.groovy)
	at java.base/java.lang.reflect.Method.invoke(Method.java:565)
	at org.codehaus.groovy.reflection.CachedMethod.invoke(CachedMethod.java:343)
	at groovy.lang.MetaMethod.doMethodInvoke(MetaMethod.java:328)
	at groovy.lang.MetaClassImpl.doInvokeMethod(MetaClassImpl.java:1333)
	at groovy.lang.MetaClassImpl.invokeMethod(MetaClassImpl.java:1088)
	at groovy.lang.MetaClassImpl.invokeMethod(MetaClassImpl.java:1007)
	at groovy.lang.MetaClassImpl.invokeMethod(MetaClassImpl.java:790)
	at io.restassured.internal.RequestSpecificationImpl.invokeMethod(RequestSpecificationImpl.groovy)
	at org.codehaus.groovy.runtime.callsite.PogoInterceptableSite.call(PogoInterceptableSite.java:46)
	at org.codehaus.groovy.runtime.callsite.PogoInterceptableSite.callCurrent(PogoInterceptableSite.java:57)
	at org.codehaus.groovy.runtime.callsite.AbstractCallSite.callCurrent(AbstractCallSite.java:203)
	at io.restassured.internal.RequestSpecificationImpl.applyPathParamsAndSendRequest(RequestSpecificationImpl.groovy:1710)
	at io.restassured.internal.RequestSpecificationImpl.this$2$applyPathParamsAndSendRequest(RequestSpecificationImpl.groovy)
	at java.base/java.lang.reflect.Method.invoke(Method.java:565)
	at org.codehaus.groovy.reflection.CachedMethod.invoke(CachedMethod.java:343)
	at groovy.lang.MetaMethod.doMethodInvoke(MetaMethod.java:328)
	at groovy.lang.MetaClassImpl.doInvokeMethod(MetaClassImpl.java:1333)
	at groovy.lang.MetaClassImpl.invokeMethod(MetaClassImpl.java:1088)
	at groovy.lang.MetaClassImpl.invokeMethod(MetaClassImpl.java:1007)
	at groovy.lang.MetaClassImpl.invokeMethod(MetaClassImpl.java:790)
	at io.restassured.internal.RequestSpecificationImpl.invokeMethod(RequestSpecificationImpl.groovy)
	at org.codehaus.groovy.runtime.callsite.PogoInterceptableSite.call(PogoInterceptableSite.java:46)
	at org.codehaus.groovy.runtime.callsite.PogoInterceptableSite.callCurrent(PogoInterceptableSite.java:57)
	at org.codehaus.groovy.runtime.callsite.AbstractCallSite.callCurrent(AbstractCallSite.java:203)
	at io.restassured.internal.RequestSpecificationImpl.post(RequestSpecificationImpl.groovy:176)
	at io.restassured.internal.RequestSpecificationImpl.post(RequestSpecificationImpl.groovy)
	at steps.EmployeeFormSteps.iSubmitEmployeeFormWithTheFollowingData(EmployeeFormSteps.java:64)
	at ✽.I submit employee form with the following data:(classpath:features/employee_form.feature:71)

java.net.ConnectException: Connection refused
	at java.base/sun.nio.ch.Net.connect0(Native Method)
	at java.base/sun.nio.ch.Net.connect(Net.java:535)
	at java.base/sun.nio.ch.Net.connect(Net.java:524)
	at java.base/sun.nio.ch.NioSocketImpl.connect(NioSocketImpl.java:574)
	at java.base/java.net.SocksSocketImpl.connect(SocksSocketImpl.java:282)
	at java.base/java.net.Socket.connect(Socket.java:665)
	at org.apache.http.conn.scheme.PlainSocketFactory.connectSocket(PlainSocketFactory.java:121)
	at org.apache.http.impl.conn.DefaultClientConnectionOperator.openConnection(DefaultClientConnectionOperator.java:180)
	at org.apache.http.impl.conn.ManagedClientConnectionImpl.open(ManagedClientConnectionImpl.java:326)
	at org.apache.http.impl.client.DefaultRequestDirector.tryConnect(DefaultRequestDirector.java:605)
	at org.apache.http.impl.client.DefaultRequestDirector.execute(DefaultRequestDirector.java:440)
	at org.apache.http.impl.client.AbstractHttpClient.doExecute(AbstractHttpClient.java:835)
	at org.apache.http.impl.client.CloseableHttpClient.execute(CloseableHttpClient.java:83)
	at io.restassured.internal.RestAssuredHttpBuilder.doRequest(RestAssuredHttpBuilder.java:141)
	at io.restassured.internal.http.HTTPBuilder.post(HTTPBuilder.java:349)
	at io.restassured.internal.http.HTTPBuilder$post$2.call(Unknown Source)
	at io.restassured.internal.RequestSpecificationImpl.sendRequest(RequestSpecificationImpl.groovy:1209)
	at io.restassured.internal.RequestSpecificationImpl.this$2$sendRequest(RequestSpecificationImpl.groovy)
	at java.base/java.lang.reflect.Method.invoke(Method.java:565)
	at org.codehaus.groovy.reflection.CachedMethod.invoke(CachedMethod.java:343)
	at groovy.lang.MetaMethod.doMethodInvoke(MetaMethod.java:328)
	at groovy.lang.MetaClassImpl.doInvokeMethod(MetaClassImpl.java:1333)
	at groovy.lang.MetaClassImpl.invokeMethod(MetaClassImpl.java:1088)
	at groovy.lang.MetaClassImpl.invokeMethod(MetaClassImpl.java:1007)
	at groovy.lang.MetaClassImpl.invokeMethod(MetaClassImpl.java:790)
	at io.restassured.internal.RequestSpecificationImpl.invokeMethod(RequestSpecificationImpl.groovy)
	at org.codehaus.groovy.runtime.callsite.PogoInterceptableSite.call(PogoInterceptableSite.java:46)
	at org.codehaus.groovy.runtime.callsite.AbstractCallSite.call(AbstractCallSite.java:166)
	at io.restassured.internal.filter.SendRequestFilter.filter(SendRequestFilter.groovy:30)
	at io.restassured.filter.Filter$filter.call(Unknown Source)
	at org.codehaus.groovy.runtime.callsite.CallSiteArray.defaultCall(CallSiteArray.java:45)
	at io.restassured.filter.Filter$filter$0.call(Unknown Source)
	at io.restassured.internal.filter.FilterContextImpl.next(FilterContextImpl.groovy:72)
	at io.restassured.filter.time.TimingFilter.filter(TimingFilter.java:56)
	at io.restassured.filter.Filter$filter$0.call(Unknown Source)
	at org.codehaus.groovy.runtime.callsite.CallSiteArray.defaultCall(CallSiteArray.java:45)
	at io.restassured.filter.Filter$filter.call(Unknown Source)
	at io.restassured.internal.filter.FilterContextImpl.next(FilterContextImpl.groovy:72)
	at io.restassured.filter.FilterContext$next.call(Unknown Source)
	at io.restassured.internal.filter.CsrfFilter.filter(CsrfFilter.groovy:70)
	at io.restassured.filter.Filter$filter.call(Unknown Source)
	at org.codehaus.groovy.runtime.callsite.CallSiteArray.defaultCall(CallSiteArray.java:45)
	at io.restassured.filter.Filter$filter.call(Unknown Source)
	at io.restassured.internal.filter.FilterContextImpl.next(FilterContextImpl.groovy:72)
	at io.restassured.filter.FilterContext$next.call(Unknown Source)
	at io.restassured.internal.RequestSpecificationImpl.applyPathParamsAndSendRequest(RequestSpecificationImpl.groovy:1704)
	at io.restassured.internal.RequestSpecificationImpl.this$2$applyPathParamsAndSendRequest(RequestSpecificationImpl.groovy)
	at java.base/java.lang.reflect.Method.invoke(Method.java:565)
	at org.codehaus.groovy.reflection.CachedMethod.invoke(CachedMethod.java:343)
	at groovy.lang.MetaMethod.doMethodInvoke(MetaMethod.java:328)
	at groovy.lang.MetaClassImpl.doInvokeMethod(MetaClassImpl.java:1333)
	at groovy.lang.MetaClassImpl.invokeMethod(MetaClassImpl.java:1088)
	at groovy.lang.MetaClassImpl.invokeMethod(MetaClassImpl.java:1007)
	at groovy.lang.MetaClassImpl.invokeMethod(MetaClassImpl.java:790)
	at io.restassured.internal.RequestSpecificationImpl.invokeMethod(RequestSpecificationImpl.groovy)
	at org.codehaus.groovy.runtime.callsite.PogoInterceptableSite.call(PogoInterceptableSite.java:46)
	at org.codehaus.groovy.runtime.callsite.PogoInterceptableSite.callCurrent(PogoInterceptableSite.java:57)
	at org.codehaus.groovy.runtime.callsite.AbstractCallSite.callCurrent(AbstractCallSite.java:203)
	at io.restassured.internal.RequestSpecificationImpl.applyPathParamsAndSendRequest(RequestSpecificationImpl.groovy:1710)
	at io.restassured.internal.RequestSpecificationImpl.this$2$applyPathParamsAndSendRequest(RequestSpecificationImpl.groovy)
	at java.base/java.lang.reflect.Method.invoke(Method.java:565)
	at org.codehaus.groovy.reflection.CachedMethod.invoke(CachedMethod.java:343)
	at groovy.lang.MetaMethod.doMethodInvoke(MetaMethod.java:328)
	at groovy.lang.MetaClassImpl.doInvokeMethod(MetaClassImpl.java:1333)
	at groovy.lang.MetaClassImpl.invokeMethod(MetaClassImpl.java:1088)
	at groovy.lang.MetaClassImpl.invokeMethod(MetaClassImpl.java:1007)
	at groovy.lang.MetaClassImpl.invokeMethod(MetaClassImpl.java:790)
	at io.restassured.internal.RequestSpecificationImpl.invokeMethod(RequestSpecificationImpl.groovy)
	at org.codehaus.groovy.runtime.callsite.PogoInterceptableSite.call(PogoInterceptableSite.java:46)
	at org.codehaus.groovy.runtime.callsite.PogoInterceptableSite.callCurrent(PogoInterceptableSite.java:57)
	at org.codehaus.groovy.runtime.callsite.AbstractCallSite.callCurrent(AbstractCallSite.java:203)
	at io.restassured.internal.RequestSpecificationImpl.post(RequestSpecificationImpl.groovy:176)
	at io.restassured.internal.RequestSpecificationImpl.post(RequestSpecificationImpl.groovy)
	at steps.EmployeeFormSteps.iSubmitEmployeeFormWithTheFollowingData(EmployeeFormSteps.java:64)
	at ✽.I submit employee form with the following data:(classpath:features/employee_form.feature:82)

java.net.ConnectException: Connection refused
	at java.base/sun.nio.ch.Net.connect0(Native Method)
	at java.base/sun.nio.ch.Net.connect(Net.java:535)
	at java.base/sun.nio.ch.Net.connect(Net.java:524)
	at java.base/sun.nio.ch.NioSocketImpl.connect(NioSocketImpl.java:574)
	at java.base/java.net.SocksSocketImpl.connect(SocksSocketImpl.java:282)
	at java.base/java.net.Socket.connect(Socket.java:665)
	at org.apache.http.conn.scheme.PlainSocketFactory.connectSocket(PlainSocketFactory.java:121)
	at org.apache.http.impl.conn.DefaultClientConnectionOperator.openConnection(DefaultClientConnectionOperator.java:180)
	at org.apache.http.impl.conn.ManagedClientConnectionImpl.open(ManagedClientConnectionImpl.java:326)
	at org.apache.http.impl.client.DefaultRequestDirector.tryConnect(DefaultRequestDirector.java:605)
	at org.apache.http.impl.client.DefaultRequestDirector.execute(DefaultRequestDirector.java:440)
	at org.apache.http.impl.client.AbstractHttpClient.doExecute(AbstractHttpClient.java:835)
	at org.apache.http.impl.client.CloseableHttpClient.execute(CloseableHttpClient.java:83)
	at io.restassured.internal.RestAssuredHttpBuilder.doRequest(RestAssuredHttpBuilder.java:141)
	at io.restassured.internal.http.HTTPBuilder.post(HTTPBuilder.java:349)
	at io.restassured.internal.http.HTTPBuilder$post$2.call(Unknown Source)
	at io.restassured.internal.RequestSpecificationImpl.sendRequest(RequestSpecificationImpl.groovy:1209)
	at io.restassured.internal.RequestSpecificationImpl.this$2$sendRequest(RequestSpecificationImpl.groovy)
	at java.base/java.lang.reflect.Method.invoke(Method.java:565)
	at org.codehaus.groovy.reflection.CachedMethod.invoke(CachedMethod.java:343)
	at groovy.lang.MetaMethod.doMethodInvoke(MetaMethod.java:328)
	at groovy.lang.MetaClassImpl.doInvokeMethod(MetaClassImpl.java:1333)
	at groovy.lang.MetaClassImpl.invokeMethod(MetaClassImpl.java:1088)
	at groovy.lang.MetaClassImpl.invokeMethod(MetaClassImpl.java:1007)
	at groovy.lang.MetaClassImpl.invokeMethod(MetaClassImpl.java:790)
	at io.restassured.internal.RequestSpecificationImpl.invokeMethod(RequestSpecificationImpl.groovy)
	at org.codehaus.groovy.runtime.callsite.PogoInterceptableSite.call(PogoInterceptableSite.java:46)
	at org.codehaus.groovy.runtime.callsite.AbstractCallSite.call(AbstractCallSite.java:166)
	at io.restassured.internal.filter.SendRequestFilter.filter(SendRequestFilter.groovy:30)
	at io.restassured.filter.Filter$filter.call(Unknown Source)
	at org.codehaus.groovy.runtime.callsite.CallSiteArray.defaultCall(CallSiteArray.java:45)
	at io.restassured.filter.Filter$filter$0.call(Unknown Source)
	at io.restassured.internal.filter.FilterContextImpl.next(FilterContextImpl.groovy:72)
	at io.restassured.filter.time.TimingFilter.filter(TimingFilter.java:56)
	at io.restassured.filter.Filter$filter$0.call(Unknown Source)
	at org.codehaus.groovy.runtime.callsite.CallSiteArray.defaultCall(CallSiteArray.java:45)
	at io.restassured.filter.Filter$filter.call(Unknown Source)
	at io.restassured.internal.filter.FilterContextImpl.next(FilterContextImpl.groovy:72)
	at io.restassured.filter.FilterContext$next.call(Unknown Source)
	at io.restassured.internal.filter.CsrfFilter.filter(CsrfFilter.groovy:70)
	at io.restassured.filter.Filter$filter.call(Unknown Source)
	at org.codehaus.groovy.runtime.callsite.CallSiteArray.defaultCall(CallSiteArray.java:45)
	at io.restassured.filter.Filter$filter.call(Unknown Source)
	at io.restassured.internal.filter.FilterContextImpl.next(FilterContextImpl.groovy:72)
	at io.restassured.filter.FilterContext$next.call(Unknown Source)
	at io.restassured.internal.RequestSpecificationImpl.applyPathParamsAndSendRequest(RequestSpecificationImpl.groovy:1704)
	at io.restassured.internal.RequestSpecificationImpl.this$2$applyPathParamsAndSendRequest(RequestSpecificationImpl.groovy)
	at java.base/java.lang.reflect.Method.invoke(Method.java:565)
	at org.codehaus.groovy.reflection.CachedMethod.invoke(CachedMethod.java:343)
	at groovy.lang.MetaMethod.doMethodInvoke(MetaMethod.java:328)
	at groovy.lang.MetaClassImpl.doInvokeMethod(MetaClassImpl.java:1333)
	at groovy.lang.MetaClassImpl.invokeMethod(MetaClassImpl.java:1088)
	at groovy.lang.MetaClassImpl.invokeMethod(MetaClassImpl.java:1007)
	at groovy.lang.MetaClassImpl.invokeMethod(MetaClassImpl.java:790)
	at io.restassured.internal.RequestSpecificationImpl.invokeMethod(RequestSpecificationImpl.groovy)
	at org.codehaus.groovy.runtime.callsite.PogoInterceptableSite.call(PogoInterceptableSite.java:46)
	at org.codehaus.groovy.runtime.callsite.PogoInterceptableSite.callCurrent(PogoInterceptableSite.java:57)
	at org.codehaus.groovy.runtime.callsite.AbstractCallSite.callCurrent(AbstractCallSite.java:203)
	at io.restassured.internal.RequestSpecificationImpl.applyPathParamsAndSendRequest(RequestSpecificationImpl.groovy:1710)
	at io.restassured.internal.RequestSpecificationImpl.this$2$applyPathParamsAndSendRequest(RequestSpecificationImpl.groovy)
	at java.base/java.lang.reflect.Method.invoke(Method.java:565)
	at org.codehaus.groovy.reflection.CachedMethod.invoke(CachedMethod.java:343)
	at groovy.lang.MetaMethod.doMethodInvoke(MetaMethod.java:328)
	at groovy.lang.MetaClassImpl.doInvokeMethod(MetaClassImpl.java:1333)
	at groovy.lang.MetaClassImpl.invokeMethod(MetaClassImpl.java:1088)
	at groovy.lang.MetaClassImpl.invokeMethod(MetaClassImpl.java:1007)
	at groovy.lang.MetaClassImpl.invokeMethod(MetaClassImpl.java:790)
	at io.restassured.internal.RequestSpecificationImpl.invokeMethod(RequestSpecificationImpl.groovy)
	at org.codehaus.groovy.runtime.callsite.PogoInterceptableSite.call(PogoInterceptableSite.java:46)
	at org.codehaus.groovy.runtime.callsite.PogoInterceptableSite.callCurrent(PogoInterceptableSite.java:57)
	at org.codehaus.groovy.runtime.callsite.AbstractCallSite.callCurrent(AbstractCallSite.java:203)
	at io.restassured.internal.RequestSpecificationImpl.post(RequestSpecificationImpl.groovy:176)
	at io.restassured.internal.RequestSpecificationImpl.post(RequestSpecificationImpl.groovy)
	at steps.EmployeeFormSteps.iSubmitEmployeeFormWithTheFollowingData(EmployeeFormSteps.java:64)
	at ✽.I submit employee form with the following data:(classpath:features/employee_form.feature:93)

java.net.ConnectException: Connection refused
	at java.base/sun.nio.ch.Net.connect0(Native Method)
	at java.base/sun.nio.ch.Net.connect(Net.java:535)
	at java.base/sun.nio.ch.Net.connect(Net.java:524)
	at java.base/sun.nio.ch.NioSocketImpl.connect(NioSocketImpl.java:574)
	at java.base/java.net.SocksSocketImpl.connect(SocksSocketImpl.java:282)
	at java.base/java.net.Socket.connect(Socket.java:665)
	at org.apache.http.conn.scheme.PlainSocketFactory.connectSocket(PlainSocketFactory.java:121)
	at org.apache.http.impl.conn.DefaultClientConnectionOperator.openConnection(DefaultClientConnectionOperator.java:180)
	at org.apache.http.impl.conn.ManagedClientConnectionImpl.open(ManagedClientConnectionImpl.java:326)
	at org.apache.http.impl.client.DefaultRequestDirector.tryConnect(DefaultRequestDirector.java:605)
	at org.apache.http.impl.client.DefaultRequestDirector.execute(DefaultRequestDirector.java:440)
	at org.apache.http.impl.client.AbstractHttpClient.doExecute(AbstractHttpClient.java:835)
	at org.apache.http.impl.client.CloseableHttpClient.execute(CloseableHttpClient.java:83)
	at io.restassured.internal.RestAssuredHttpBuilder.doRequest(RestAssuredHttpBuilder.java:141)
	at io.restassured.internal.http.HTTPBuilder.post(HTTPBuilder.java:349)
	at io.restassured.internal.http.HTTPBuilder$post$2.call(Unknown Source)
	at io.restassured.internal.RequestSpecificationImpl.sendRequest(RequestSpecificationImpl.groovy:1209)
	at io.restassured.internal.RequestSpecificationImpl.this$2$sendRequest(RequestSpecificationImpl.groovy)
	at java.base/java.lang.reflect.Method.invoke(Method.java:565)
	at org.codehaus.groovy.reflection.CachedMethod.invoke(CachedMethod.java:343)
	at groovy.lang.MetaMethod.doMethodInvoke(MetaMethod.java:328)
	at groovy.lang.MetaClassImpl.doInvokeMethod(MetaClassImpl.java:1333)
	at groovy.lang.MetaClassImpl.invokeMethod(MetaClassImpl.java:1088)
	at groovy.lang.MetaClassImpl.invokeMethod(MetaClassImpl.java:1007)
	at groovy.lang.MetaClassImpl.invokeMethod(MetaClassImpl.java:790)
	at io.restassured.internal.RequestSpecificationImpl.invokeMethod(RequestSpecificationImpl.groovy)
	at org.codehaus.groovy.runtime.callsite.PogoInterceptableSite.call(PogoInterceptableSite.java:46)
	at org.codehaus.groovy.runtime.callsite.AbstractCallSite.call(AbstractCallSite.java:166)
	at io.restassured.internal.filter.SendRequestFilter.filter(SendRequestFilter.groovy:30)
	at io.restassured.filter.Filter$filter.call(Unknown Source)
	at org.codehaus.groovy.runtime.callsite.CallSiteArray.defaultCall(CallSiteArray.java:45)
	at io.restassured.filter.Filter$filter$0.call(Unknown Source)
	at io.restassured.internal.filter.FilterContextImpl.next(FilterContextImpl.groovy:72)
	at io.restassured.filter.time.TimingFilter.filter(TimingFilter.java:56)
	at io.restassured.filter.Filter$filter$0.call(Unknown Source)
	at org.codehaus.groovy.runtime.callsite.CallSiteArray.defaultCall(CallSiteArray.java:45)
	at io.restassured.filter.Filter$filter.call(Unknown Source)
	at io.restassured.internal.filter.FilterContextImpl.next(FilterContextImpl.groovy:72)
	at io.restassured.filter.FilterContext$next.call(Unknown Source)
	at io.restassured.internal.filter.CsrfFilter.filter(CsrfFilter.groovy:70)
	at io.restassured.filter.Filter$filter.call(Unknown Source)
	at org.codehaus.groovy.runtime.callsite.CallSiteArray.defaultCall(CallSiteArray.java:45)
	at io.restassured.filter.Filter$filter.call(Unknown Source)
	at io.restassured.internal.filter.FilterContextImpl.next(FilterContextImpl.groovy:72)
	at io.restassured.filter.FilterContext$next.call(Unknown Source)
	at io.restassured.internal.RequestSpecificationImpl.applyPathParamsAndSendRequest(RequestSpecificationImpl.groovy:1704)
	at io.restassured.internal.RequestSpecificationImpl.this$2$applyPathParamsAndSendRequest(RequestSpecificationImpl.groovy)
	at java.base/java.lang.reflect.Method.invoke(Method.java:565)
	at org.codehaus.groovy.reflection.CachedMethod.invoke(CachedMethod.java:343)
	at groovy.lang.MetaMethod.doMethodInvoke(MetaMethod.java:328)
	at groovy.lang.MetaClassImpl.doInvokeMethod(MetaClassImpl.java:1333)
	at groovy.lang.MetaClassImpl.invokeMethod(MetaClassImpl.java:1088)
	at groovy.lang.MetaClassImpl.invokeMethod(MetaClassImpl.java:1007)
	at groovy.lang.MetaClassImpl.invokeMethod(MetaClassImpl.java:790)
	at io.restassured.internal.RequestSpecificationImpl.invokeMethod(RequestSpecificationImpl.groovy)
	at org.codehaus.groovy.runtime.callsite.PogoInterceptableSite.call(PogoInterceptableSite.java:46)
	at org.codehaus.groovy.runtime.callsite.PogoInterceptableSite.callCurrent(PogoInterceptableSite.java:57)
	at org.codehaus.groovy.runtime.callsite.AbstractCallSite.callCurrent(AbstractCallSite.java:203)
	at io.restassured.internal.RequestSpecificationImpl.applyPathParamsAndSendRequest(RequestSpecificationImpl.groovy:1710)
	at io.restassured.internal.RequestSpecificationImpl.this$2$applyPathParamsAndSendRequest(RequestSpecificationImpl.groovy)
	at java.base/java.lang.reflect.Method.invoke(Method.java:565)
	at org.codehaus.groovy.reflection.CachedMethod.invoke(CachedMethod.java:343)
	at groovy.lang.MetaMethod.doMethodInvoke(MetaMethod.java:328)
	at groovy.lang.MetaClassImpl.doInvokeMethod(MetaClassImpl.java:1333)
	at groovy.lang.MetaClassImpl.invokeMethod(MetaClassImpl.java:1088)
	at groovy.lang.MetaClassImpl.invokeMethod(MetaClassImpl.java:1007)
	at groovy.lang.MetaClassImpl.invokeMethod(MetaClassImpl.java:790)
	at io.restassured.internal.RequestSpecificationImpl.invokeMethod(RequestSpecificationImpl.groovy)
	at org.codehaus.groovy.runtime.callsite.PogoInterceptableSite.call(PogoInterceptableSite.java:46)
	at org.codehaus.groovy.runtime.callsite.PogoInterceptableSite.callCurrent(PogoInterceptableSite.java:57)
	at org.codehaus.groovy.runtime.callsite.AbstractCallSite.callCurrent(AbstractCallSite.java:203)
	at io.restassured.internal.RequestSpecificationImpl.post(RequestSpecificationImpl.groovy:176)
	at io.restassured.internal.RequestSpecificationImpl.post(RequestSpecificationImpl.groovy)
	at steps.EmployeeFormSteps.iSubmitEmployeeFormWithTheFollowingData(EmployeeFormSteps.java:64)
	at ✽.I submit employee form with the following data:(classpath:features/employee_form.feature:93)

java.net.ConnectException: Connection refused
	at java.base/sun.nio.ch.Net.connect0(Native Method)
	at java.base/sun.nio.ch.Net.connect(Net.java:535)
	at java.base/sun.nio.ch.Net.connect(Net.java:524)
	at java.base/sun.nio.ch.NioSocketImpl.connect(NioSocketImpl.java:574)
	at java.base/java.net.SocksSocketImpl.connect(SocksSocketImpl.java:282)
	at java.base/java.net.Socket.connect(Socket.java:665)
	at org.apache.http.conn.scheme.PlainSocketFactory.connectSocket(PlainSocketFactory.java:121)
	at org.apache.http.impl.conn.DefaultClientConnectionOperator.openConnection(DefaultClientConnectionOperator.java:180)
	at org.apache.http.impl.conn.ManagedClientConnectionImpl.open(ManagedClientConnectionImpl.java:326)
	at org.apache.http.impl.client.DefaultRequestDirector.tryConnect(DefaultRequestDirector.java:605)
	at org.apache.http.impl.client.DefaultRequestDirector.execute(DefaultRequestDirector.java:440)
	at org.apache.http.impl.client.AbstractHttpClient.doExecute(AbstractHttpClient.java:835)
	at org.apache.http.impl.client.CloseableHttpClient.execute(CloseableHttpClient.java:83)
	at io.restassured.internal.RestAssuredHttpBuilder.doRequest(RestAssuredHttpBuilder.java:141)
	at io.restassured.internal.http.HTTPBuilder.post(HTTPBuilder.java:349)
	at io.restassured.internal.http.HTTPBuilder$post$2.call(Unknown Source)
	at io.restassured.internal.RequestSpecificationImpl.sendRequest(RequestSpecificationImpl.groovy:1209)
	at io.restassured.internal.RequestSpecificationImpl.this$2$sendRequest(RequestSpecificationImpl.groovy)
	at java.base/java.lang.reflect.Method.invoke(Method.java:565)
	at org.codehaus.groovy.reflection.CachedMethod.invoke(CachedMethod.java:343)
	at groovy.lang.MetaMethod.doMethodInvoke(MetaMethod.java:328)
	at groovy.lang.MetaClassImpl.doInvokeMethod(MetaClassImpl.java:1333)
	at groovy.lang.MetaClassImpl.invokeMethod(MetaClassImpl.java:1088)
	at groovy.lang.MetaClassImpl.invokeMethod(MetaClassImpl.java:1007)
	at groovy.lang.MetaClassImpl.invokeMethod(MetaClassImpl.java:790)
	at io.restassured.internal.RequestSpecificationImpl.invokeMethod(RequestSpecificationImpl.groovy)
	at org.codehaus.groovy.runtime.callsite.PogoInterceptableSite.call(PogoInterceptableSite.java:46)
	at org.codehaus.groovy.runtime.callsite.AbstractCallSite.call(AbstractCallSite.java:166)
	at io.restassured.internal.filter.SendRequestFilter.filter(SendRequestFilter.groovy:30)
	at io.restassured.filter.Filter$filter.call(Unknown Source)
	at org.codehaus.groovy.runtime.callsite.CallSiteArray.defaultCall(CallSiteArray.java:45)
	at io.restassured.filter.Filter$filter$0.call(Unknown Source)
	at io.restassured.internal.filter.FilterContextImpl.next(FilterContextImpl.groovy:72)
	at io.restassured.filter.time.TimingFilter.filter(TimingFilter.java:56)
	at io.restassured.filter.Filter$filter$0.call(Unknown Source)
	at org.codehaus.groovy.runtime.callsite.CallSiteArray.defaultCall(CallSiteArray.java:45)
	at io.restassured.filter.Filter$filter.call(Unknown Source)
	at io.restassured.internal.filter.FilterContextImpl.next(FilterContextImpl.groovy:72)
	at io.restassured.filter.FilterContext$next.call(Unknown Source)
	at io.restassured.internal.filter.CsrfFilter.filter(CsrfFilter.groovy:70)
	at io.restassured.filter.Filter$filter.call(Unknown Source)
	at org.codehaus.groovy.runtime.callsite.CallSiteArray.defaultCall(CallSiteArray.java:45)
	at io.restassured.filter.Filter$filter.call(Unknown Source)
	at io.restassured.internal.filter.FilterContextImpl.next(FilterContextImpl.groovy:72)
	at io.restassured.filter.FilterContext$next.call(Unknown Source)
	at io.restassured.internal.RequestSpecificationImpl.applyPathParamsAndSendRequest(RequestSpecificationImpl.groovy:1704)
	at io.restassured.internal.RequestSpecificationImpl.this$2$applyPathParamsAndSendRequest(RequestSpecificationImpl.groovy)
	at java.base/java.lang.reflect.Method.invoke(Method.java:565)
	at org.codehaus.groovy.reflection.CachedMethod.invoke(CachedMethod.java:343)
	at groovy.lang.MetaMethod.doMethodInvoke(MetaMethod.java:328)
	at groovy.lang.MetaClassImpl.doInvokeMethod(MetaClassImpl.java:1333)
	at groovy.lang.MetaClassImpl.invokeMethod(MetaClassImpl.java:1088)
	at groovy.lang.MetaClassImpl.invokeMethod(MetaClassImpl.java:1007)
	at groovy.lang.MetaClassImpl.invokeMethod(MetaClassImpl.java:790)
	at io.restassured.internal.RequestSpecificationImpl.invokeMethod(RequestSpecificationImpl.groovy)
	at org.codehaus.groovy.runtime.callsite.PogoInterceptableSite.call(PogoInterceptableSite.java:46)
	at org.codehaus.groovy.runtime.callsite.PogoInterceptableSite.callCurrent(PogoInterceptableSite.java:57)
	at org.codehaus.groovy.runtime.callsite.AbstractCallSite.callCurrent(AbstractCallSite.java:203)
	at io.restassured.internal.RequestSpecificationImpl.applyPathParamsAndSendRequest(RequestSpecificationImpl.groovy:1710)
	at io.restassured.internal.RequestSpecificationImpl.this$2$applyPathParamsAndSendRequest(RequestSpecificationImpl.groovy)
	at java.base/java.lang.reflect.Method.invoke(Method.java:565)
	at org.codehaus.groovy.reflection.CachedMethod.invoke(CachedMethod.java:343)
	at groovy.lang.MetaMethod.doMethodInvoke(MetaMethod.java:328)
	at groovy.lang.MetaClassImpl.doInvokeMethod(MetaClassImpl.java:1333)
	at groovy.lang.MetaClassImpl.invokeMethod(MetaClassImpl.java:1088)
	at groovy.lang.MetaClassImpl.invokeMethod(MetaClassImpl.java:1007)
	at groovy.lang.MetaClassImpl.invokeMethod(MetaClassImpl.java:790)
	at io.restassured.internal.RequestSpecificationImpl.invokeMethod(RequestSpecificationImpl.groovy)
	at org.codehaus.groovy.runtime.callsite.PogoInterceptableSite.call(PogoInterceptableSite.java:46)
	at org.codehaus.groovy.runtime.callsite.PogoInterceptableSite.callCurrent(PogoInterceptableSite.java:57)
	at org.codehaus.groovy.runtime.callsite.AbstractCallSite.callCurrent(AbstractCallSite.java:203)
	at io.restassured.internal.RequestSpecificationImpl.post(RequestSpecificationImpl.groovy:176)
	at io.restassured.internal.RequestSpecificationImpl.post(RequestSpecificationImpl.groovy)
	at steps.EmployeeFormSteps.iSubmitEmployeeFormWithTheFollowingData(EmployeeFormSteps.java:64)
	at ✽.I submit employee form with the following data:(classpath:features/employee_form.feature:93)

java.net.ConnectException: Connection refused
	at java.base/sun.nio.ch.Net.connect0(Native Method)
	at java.base/sun.nio.ch.Net.connect(Net.java:535)
	at java.base/sun.nio.ch.Net.connect(Net.java:524)
	at java.base/sun.nio.ch.NioSocketImpl.connect(NioSocketImpl.java:574)
	at java.base/java.net.SocksSocketImpl.connect(SocksSocketImpl.java:282)
	at java.base/java.net.Socket.connect(Socket.java:665)
	at org.apache.http.conn.scheme.PlainSocketFactory.connectSocket(PlainSocketFactory.java:121)
	at org.apache.http.impl.conn.DefaultClientConnectionOperator.openConnection(DefaultClientConnectionOperator.java:180)
	at org.apache.http.impl.conn.ManagedClientConnectionImpl.open(ManagedClientConnectionImpl.java:326)
	at org.apache.http.impl.client.DefaultRequestDirector.tryConnect(DefaultRequestDirector.java:605)
	at org.apache.http.impl.client.DefaultRequestDirector.execute(DefaultRequestDirector.java:440)
	at org.apache.http.impl.client.AbstractHttpClient.doExecute(AbstractHttpClient.java:835)
	at org.apache.http.impl.client.CloseableHttpClient.execute(CloseableHttpClient.java:83)
	at io.restassured.internal.RestAssuredHttpBuilder.doRequest(RestAssuredHttpBuilder.java:141)
	at io.restassured.internal.http.HTTPBuilder.post(HTTPBuilder.java:349)
	at io.restassured.internal.http.HTTPBuilder$post$2.call(Unknown Source)
	at io.restassured.internal.RequestSpecificationImpl.sendRequest(RequestSpecificationImpl.groovy:1209)
	at io.restassured.internal.RequestSpecificationImpl.this$2$sendRequest(RequestSpecificationImpl.groovy)
	at java.base/java.lang.reflect.Method.invoke(Method.java:565)
	at org.codehaus.groovy.reflection.CachedMethod.invoke(CachedMethod.java:343)
	at groovy.lang.MetaMethod.doMethodInvoke(MetaMethod.java:328)
	at groovy.lang.MetaClassImpl.doInvokeMethod(MetaClassImpl.java:1333)
	at groovy.lang.MetaClassImpl.invokeMethod(MetaClassImpl.java:1088)
	at groovy.lang.MetaClassImpl.invokeMethod(MetaClassImpl.java:1007)
	at groovy.lang.MetaClassImpl.invokeMethod(MetaClassImpl.java:790)
	at io.restassured.internal.RequestSpecificationImpl.invokeMethod(RequestSpecificationImpl.groovy)
	at org.codehaus.groovy.runtime.callsite.PogoInterceptableSite.call(PogoInterceptableSite.java:46)
	at org.codehaus.groovy.runtime.callsite.AbstractCallSite.call(AbstractCallSite.java:166)
	at io.restassured.internal.filter.SendRequestFilter.filter(SendRequestFilter.groovy:30)
	at io.restassured.filter.Filter$filter.call(Unknown Source)
	at org.codehaus.groovy.runtime.callsite.CallSiteArray.defaultCall(CallSiteArray.java:45)
	at io.restassured.filter.Filter$filter$0.call(Unknown Source)
	at io.restassured.internal.filter.FilterContextImpl.next(FilterContextImpl.groovy:72)
	at io.restassured.filter.time.TimingFilter.filter(TimingFilter.java:56)
	at io.restassured.filter.Filter$filter$0.call(Unknown Source)
	at org.codehaus.groovy.runtime.callsite.CallSiteArray.defaultCall(CallSiteArray.java:45)
	at io.restassured.filter.Filter$filter.call(Unknown Source)
	at io.restassured.internal.filter.FilterContextImpl.next(FilterContextImpl.groovy:72)
	at io.restassured.filter.FilterContext$next.call(Unknown Source)
	at io.restassured.internal.filter.CsrfFilter.filter(CsrfFilter.groovy:70)
	at io.restassured.filter.Filter$filter.call(Unknown Source)
	at org.codehaus.groovy.runtime.callsite.CallSiteArray.defaultCall(CallSiteArray.java:45)
	at io.restassured.filter.Filter$filter.call(Unknown Source)
	at io.restassured.internal.filter.FilterContextImpl.next(FilterContextImpl.groovy:72)
	at io.restassured.filter.FilterContext$next.call(Unknown Source)
	at io.restassured.internal.RequestSpecificationImpl.applyPathParamsAndSendRequest(RequestSpecificationImpl.groovy:1704)
	at io.restassured.internal.RequestSpecificationImpl.this$2$applyPathParamsAndSendRequest(RequestSpecificationImpl.groovy)
	at java.base/java.lang.reflect.Method.invoke(Method.java:565)
	at org.codehaus.groovy.reflection.CachedMethod.invoke(CachedMethod.java:343)
	at groovy.lang.MetaMethod.doMethodInvoke(MetaMethod.java:328)
	at groovy.lang.MetaClassImpl.doInvokeMethod(MetaClassImpl.java:1333)
	at groovy.lang.MetaClassImpl.invokeMethod(MetaClassImpl.java:1088)
	at groovy.lang.MetaClassImpl.invokeMethod(MetaClassImpl.java:1007)
	at groovy.lang.MetaClassImpl.invokeMethod(MetaClassImpl.java:790)
	at io.restassured.internal.RequestSpecificationImpl.invokeMethod(RequestSpecificationImpl.groovy)
	at org.codehaus.groovy.runtime.callsite.PogoInterceptableSite.call(PogoInterceptableSite.java:46)
	at org.codehaus.groovy.runtime.callsite.PogoInterceptableSite.callCurrent(PogoInterceptableSite.java:57)
	at org.codehaus.groovy.runtime.callsite.AbstractCallSite.callCurrent(AbstractCallSite.java:203)
	at io.restassured.internal.RequestSpecificationImpl.applyPathParamsAndSendRequest(RequestSpecificationImpl.groovy:1710)
	at io.restassured.internal.RequestSpecificationImpl.this$2$applyPathParamsAndSendRequest(RequestSpecificationImpl.groovy)
	at java.base/java.lang.reflect.Method.invoke(Method.java:565)
	at org.codehaus.groovy.reflection.CachedMethod.invoke(CachedMethod.java:343)
	at groovy.lang.MetaMethod.doMethodInvoke(MetaMethod.java:328)
	at groovy.lang.MetaClassImpl.doInvokeMethod(MetaClassImpl.java:1333)
	at groovy.lang.MetaClassImpl.invokeMethod(MetaClassImpl.java:1088)
	at groovy.lang.MetaClassImpl.invokeMethod(MetaClassImpl.java:1007)
	at groovy.lang.MetaClassImpl.invokeMethod(MetaClassImpl.java:790)
	at io.restassured.internal.RequestSpecificationImpl.invokeMethod(RequestSpecificationImpl.groovy)
	at org.codehaus.groovy.runtime.callsite.PogoInterceptableSite.call(PogoInterceptableSite.java:46)
	at org.codehaus.groovy.runtime.callsite.PogoInterceptableSite.callCurrent(PogoInterceptableSite.java:57)
	at org.codehaus.groovy.runtime.callsite.AbstractCallSite.callCurrent(AbstractCallSite.java:203)
	at io.restassured.internal.RequestSpecificationImpl.post(RequestSpecificationImpl.groovy:176)
	at io.restassured.internal.RequestSpecificationImpl.post(RequestSpecificationImpl.groovy)
	at steps.EmployeeFormSteps.iSubmitEmployeeFormWithTheFollowingData(EmployeeFormSteps.java:64)
	at ✽.I submit employee form with the following data:(classpath:features/employee_form.feature:93)

java.net.ConnectException: Connection refused
	at java.base/sun.nio.ch.Net.connect0(Native Method)
	at java.base/sun.nio.ch.Net.connect(Net.java:535)
	at java.base/sun.nio.ch.Net.connect(Net.java:524)
	at java.base/sun.nio.ch.NioSocketImpl.connect(NioSocketImpl.java:574)
	at java.base/java.net.SocksSocketImpl.connect(SocksSocketImpl.java:282)
	at java.base/java.net.Socket.connect(Socket.java:665)
	at org.apache.http.conn.scheme.PlainSocketFactory.connectSocket(PlainSocketFactory.java:121)
	at org.apache.http.impl.conn.DefaultClientConnectionOperator.openConnection(DefaultClientConnectionOperator.java:180)
	at org.apache.http.impl.conn.ManagedClientConnectionImpl.open(ManagedClientConnectionImpl.java:326)
	at org.apache.http.impl.client.DefaultRequestDirector.tryConnect(DefaultRequestDirector.java:605)
	at org.apache.http.impl.client.DefaultRequestDirector.execute(DefaultRequestDirector.java:440)
	at org.apache.http.impl.client.AbstractHttpClient.doExecute(AbstractHttpClient.java:835)
	at org.apache.http.impl.client.CloseableHttpClient.execute(CloseableHttpClient.java:83)
	at io.restassured.internal.RestAssuredHttpBuilder.doRequest(RestAssuredHttpBuilder.java:141)
	at io.restassured.internal.http.HTTPBuilder.post(HTTPBuilder.java:349)
	at io.restassured.internal.http.HTTPBuilder$post$2.call(Unknown Source)
	at io.restassured.internal.RequestSpecificationImpl.sendRequest(RequestSpecificationImpl.groovy:1209)
	at io.restassured.internal.RequestSpecificationImpl.this$2$sendRequest(RequestSpecificationImpl.groovy)
	at java.base/java.lang.reflect.Method.invoke(Method.java:565)
	at org.codehaus.groovy.reflection.CachedMethod.invoke(CachedMethod.java:343)
	at groovy.lang.MetaMethod.doMethodInvoke(MetaMethod.java:328)
	at groovy.lang.MetaClassImpl.doInvokeMethod(MetaClassImpl.java:1333)
	at groovy.lang.MetaClassImpl.invokeMethod(MetaClassImpl.java:1088)
	at groovy.lang.MetaClassImpl.invokeMethod(MetaClassImpl.java:1007)
	at groovy.lang.MetaClassImpl.invokeMethod(MetaClassImpl.java:790)
	at io.restassured.internal.RequestSpecificationImpl.invokeMethod(RequestSpecificationImpl.groovy)
	at org.codehaus.groovy.runtime.callsite.PogoInterceptableSite.call(PogoInterceptableSite.java:46)
	at org.codehaus.groovy.runtime.callsite.AbstractCallSite.call(AbstractCallSite.java:166)
	at io.restassured.internal.filter.SendRequestFilter.filter(SendRequestFilter.groovy:30)
	at io.restassured.filter.Filter$filter.call(Unknown Source)
	at org.codehaus.groovy.runtime.callsite.CallSiteArray.defaultCall(CallSiteArray.java:45)
	at io.restassured.filter.Filter$filter$0.call(Unknown Source)
	at io.restassured.internal.filter.FilterContextImpl.next(FilterContextImpl.groovy:72)
	at io.restassured.filter.time.TimingFilter.filter(TimingFilter.java:56)
	at io.restassured.filter.Filter$filter$0.call(Unknown Source)
	at org.codehaus.groovy.runtime.callsite.CallSiteArray.defaultCall(CallSiteArray.java:45)
	at io.restassured.filter.Filter$filter.call(Unknown Source)
	at io.restassured.internal.filter.FilterContextImpl.next(FilterContextImpl.groovy:72)
	at io.restassured.filter.FilterContext$next.call(Unknown Source)
	at io.restassured.internal.filter.CsrfFilter.filter(CsrfFilter.groovy:70)
	at io.restassured.filter.Filter$filter.call(Unknown Source)
	at org.codehaus.groovy.runtime.callsite.CallSiteArray.defaultCall(CallSiteArray.java:45)
	at io.restassured.filter.Filter$filter.call(Unknown Source)
	at io.restassured.internal.filter.FilterContextImpl.next(FilterContextImpl.groovy:72)
	at io.restassured.filter.FilterContext$next.call(Unknown Source)
	at io.restassured.internal.RequestSpecificationImpl.applyPathParamsAndSendRequest(RequestSpecificationImpl.groovy:1704)
	at io.restassured.internal.RequestSpecificationImpl.this$2$applyPathParamsAndSendRequest(RequestSpecificationImpl.groovy)
	at java.base/java.lang.reflect.Method.invoke(Method.java:565)
	at org.codehaus.groovy.reflection.CachedMethod.invoke(CachedMethod.java:343)
	at groovy.lang.MetaMethod.doMethodInvoke(MetaMethod.java:328)
	at groovy.lang.MetaClassImpl.doInvokeMethod(MetaClassImpl.java:1333)
	at groovy.lang.MetaClassImpl.invokeMethod(MetaClassImpl.java:1088)
	at groovy.lang.MetaClassImpl.invokeMethod(MetaClassImpl.java:1007)
	at groovy.lang.MetaClassImpl.invokeMethod(MetaClassImpl.java:790)
	at io.restassured.internal.RequestSpecificationImpl.invokeMethod(RequestSpecificationImpl.groovy)
	at org.codehaus.groovy.runtime.callsite.PogoInterceptableSite.call(PogoInterceptableSite.java:46)
	at org.codehaus.groovy.runtime.callsite.PogoInterceptableSite.callCurrent(PogoInterceptableSite.java:57)
	at org.codehaus.groovy.runtime.callsite.AbstractCallSite.callCurrent(AbstractCallSite.java:203)
	at io.restassured.internal.RequestSpecificationImpl.applyPathParamsAndSendRequest(RequestSpecificationImpl.groovy:1710)
	at io.restassured.internal.RequestSpecificationImpl.this$2$applyPathParamsAndSendRequest(RequestSpecificationImpl.groovy)
	at java.base/java.lang.reflect.Method.invoke(Method.java:565)
	at org.codehaus.groovy.reflection.CachedMethod.invoke(CachedMethod.java:343)
	at groovy.lang.MetaMethod.doMethodInvoke(MetaMethod.java:328)
	at groovy.lang.MetaClassImpl.doInvokeMethod(MetaClassImpl.java:1333)
	at groovy.lang.MetaClassImpl.invokeMethod(MetaClassImpl.java:1088)
	at groovy.lang.MetaClassImpl.invokeMethod(MetaClassImpl.java:1007)
	at groovy.lang.MetaClassImpl.invokeMethod(MetaClassImpl.java:790)
	at io.restassured.internal.RequestSpecificationImpl.invokeMethod(RequestSpecificationImpl.groovy)
	at org.codehaus.groovy.runtime.callsite.PogoInterceptableSite.call(PogoInterceptableSite.java:46)
	at org.codehaus.groovy.runtime.callsite.PogoInterceptableSite.callCurrent(PogoInterceptableSite.java:57)
	at org.codehaus.groovy.runtime.callsite.AbstractCallSite.callCurrent(AbstractCallSite.java:203)
	at io.restassured.internal.RequestSpecificationImpl.post(RequestSpecificationImpl.groovy:176)
	at io.restassured.internal.RequestSpecificationImpl.post(RequestSpecificationImpl.groovy)
	at steps.EmployeeFormSteps.iSubmitEmployeeFormWithTheFollowingData(EmployeeFormSteps.java:64)
	at ✽.I submit employee form with the following data:(classpath:features/employee_form.feature:93)

java.net.ConnectException: Connection refused
	at java.base/sun.nio.ch.Net.connect0(Native Method)
	at java.base/sun.nio.ch.Net.connect(Net.java:535)
	at java.base/sun.nio.ch.Net.connect(Net.java:524)
	at java.base/sun.nio.ch.NioSocketImpl.connect(NioSocketImpl.java:574)
	at java.base/java.net.SocksSocketImpl.connect(SocksSocketImpl.java:282)
	at java.base/java.net.Socket.connect(Socket.java:665)
	at org.apache.http.conn.scheme.PlainSocketFactory.connectSocket(PlainSocketFactory.java:121)
	at org.apache.http.impl.conn.DefaultClientConnectionOperator.openConnection(DefaultClientConnectionOperator.java:180)
	at org.apache.http.impl.conn.ManagedClientConnectionImpl.open(ManagedClientConnectionImpl.java:326)
	at org.apache.http.impl.client.DefaultRequestDirector.tryConnect(DefaultRequestDirector.java:605)
	at org.apache.http.impl.client.DefaultRequestDirector.execute(DefaultRequestDirector.java:440)
	at org.apache.http.impl.client.AbstractHttpClient.doExecute(AbstractHttpClient.java:835)
	at org.apache.http.impl.client.CloseableHttpClient.execute(CloseableHttpClient.java:83)
	at io.restassured.internal.RestAssuredHttpBuilder.doRequest(RestAssuredHttpBuilder.java:141)
	at io.restassured.internal.http.HTTPBuilder.post(HTTPBuilder.java:349)
	at io.restassured.internal.http.HTTPBuilder$post$2.call(Unknown Source)
	at io.restassured.internal.RequestSpecificationImpl.sendRequest(RequestSpecificationImpl.groovy:1209)
	at io.restassured.internal.RequestSpecificationImpl.this$2$sendRequest(RequestSpecificationImpl.groovy)
	at java.base/java.lang.reflect.Method.invoke(Method.java:565)
	at org.codehaus.groovy.reflection.CachedMethod.invoke(CachedMethod.java:343)
	at groovy.lang.MetaMethod.doMethodInvoke(MetaMethod.java:328)
	at groovy.lang.MetaClassImpl.doInvokeMethod(MetaClassImpl.java:1333)
	at groovy.lang.MetaClassImpl.invokeMethod(MetaClassImpl.java:1088)
	at groovy.lang.MetaClassImpl.invokeMethod(MetaClassImpl.java:1007)
	at groovy.lang.MetaClassImpl.invokeMethod(MetaClassImpl.java:790)
	at io.restassured.internal.RequestSpecificationImpl.invokeMethod(RequestSpecificationImpl.groovy)
	at org.codehaus.groovy.runtime.callsite.PogoInterceptableSite.call(PogoInterceptableSite.java:46)
	at org.codehaus.groovy.runtime.callsite.AbstractCallSite.call(AbstractCallSite.java:166)
	at io.restassured.internal.filter.SendRequestFilter.filter(SendRequestFilter.groovy:30)
	at io.restassured.filter.Filter$filter.call(Unknown Source)
	at org.codehaus.groovy.runtime.callsite.CallSiteArray.defaultCall(CallSiteArray.java:45)
	at io.restassured.filter.Filter$filter$0.call(Unknown Source)
	at io.restassured.internal.filter.FilterContextImpl.next(FilterContextImpl.groovy:72)
	at io.restassured.filter.time.TimingFilter.filter(TimingFilter.java:56)
	at io.restassured.filter.Filter$filter$0.call(Unknown Source)
	at org.codehaus.groovy.runtime.callsite.CallSiteArray.defaultCall(CallSiteArray.java:45)
	at io.restassured.filter.Filter$filter.call(Unknown Source)
	at io.restassured.internal.filter.FilterContextImpl.next(FilterContextImpl.groovy:72)
	at io.restassured.filter.FilterContext$next.call(Unknown Source)
	at io.restassured.internal.filter.CsrfFilter.filter(CsrfFilter.groovy:70)
	at io.restassured.filter.Filter$filter.call(Unknown Source)
	at org.codehaus.groovy.runtime.callsite.CallSiteArray.defaultCall(CallSiteArray.java:45)
	at io.restassured.filter.Filter$filter.call(Unknown Source)
	at io.restassured.internal.filter.FilterContextImpl.next(FilterContextImpl.groovy:72)
	at io.restassured.filter.FilterContext$next.call(Unknown Source)
	at io.restassured.internal.RequestSpecificationImpl.applyPathParamsAndSendRequest(RequestSpecificationImpl.groovy:1704)
	at io.restassured.internal.RequestSpecificationImpl.this$2$applyPathParamsAndSendRequest(RequestSpecificationImpl.groovy)
	at java.base/java.lang.reflect.Method.invoke(Method.java:565)
	at org.codehaus.groovy.reflection.CachedMethod.invoke(CachedMethod.java:343)
	at groovy.lang.MetaMethod.doMethodInvoke(MetaMethod.java:328)
	at groovy.lang.MetaClassImpl.doInvokeMethod(MetaClassImpl.java:1333)
	at groovy.lang.MetaClassImpl.invokeMethod(MetaClassImpl.java:1088)
	at groovy.lang.MetaClassImpl.invokeMethod(MetaClassImpl.java:1007)
	at groovy.lang.MetaClassImpl.invokeMethod(MetaClassImpl.java:790)
	at io.restassured.internal.RequestSpecificationImpl.invokeMethod(RequestSpecificationImpl.groovy)
	at org.codehaus.groovy.runtime.callsite.PogoInterceptableSite.call(PogoInterceptableSite.java:46)
	at org.codehaus.groovy.runtime.callsite.PogoInterceptableSite.callCurrent(PogoInterceptableSite.java:57)
	at org.codehaus.groovy.runtime.callsite.AbstractCallSite.callCurrent(AbstractCallSite.java:203)
	at io.restassured.internal.RequestSpecificationImpl.applyPathParamsAndSendRequest(RequestSpecificationImpl.groovy:1710)
	at io.restassured.internal.RequestSpecificationImpl.this$2$applyPathParamsAndSendRequest(RequestSpecificationImpl.groovy)
	at java.base/java.lang.reflect.Method.invoke(Method.java:565)
	at org.codehaus.groovy.reflection.CachedMethod.invoke(CachedMethod.java:343)
	at groovy.lang.MetaMethod.doMethodInvoke(MetaMethod.java:328)
	at groovy.lang.MetaClassImpl.doInvokeMethod(MetaClassImpl.java:1333)
	at groovy.lang.MetaClassImpl.invokeMethod(MetaClassImpl.java:1088)
	at groovy.lang.MetaClassImpl.invokeMethod(MetaClassImpl.java:1007)
	at groovy.lang.MetaClassImpl.invokeMethod(MetaClassImpl.java:790)
	at io.restassured.internal.RequestSpecificationImpl.invokeMethod(RequestSpecificationImpl.groovy)
	at org.codehaus.groovy.runtime.callsite.PogoInterceptableSite.call(PogoInterceptableSite.java:46)
	at org.codehaus.groovy.runtime.callsite.PogoInterceptableSite.callCurrent(PogoInterceptableSite.java:57)
	at org.codehaus.groovy.runtime.callsite.AbstractCallSite.callCurrent(AbstractCallSite.java:203)
	at io.restassured.internal.RequestSpecificationImpl.post(RequestSpecificationImpl.groovy:176)
	at io.restassured.internal.RequestSpecificationImpl.post(RequestSpecificationImpl.groovy)
	at steps.EmployeeFormSteps.iSubmitEmployeeFormWithTheFollowingData(EmployeeFormSteps.java:64)
	at ✽.I submit employee form with the following data:(classpath:features/employee_form.feature:112)


[ERROR] Tests run: 14, Failures: 0, Errors: 14, Skipped: 0, Time elapsed: 0.362 s <<< FAILURE! -- in com.example.CucumberTest
[ERROR] Add a single employee (simple).Add one valid employee successfully -- Time elapsed: 0.053 s <<< ERROR!
java.net.ConnectException: Connection refused
	at java.base/sun.nio.ch.Net.connect0(Native Method)
	at java.base/sun.nio.ch.Net.connect(Net.java:535)
	at java.base/sun.nio.ch.Net.connect(Net.java:524)
	at java.base/sun.nio.ch.NioSocketImpl.connect(NioSocketImpl.java:574)
	at java.base/java.net.SocksSocketImpl.connect(SocksSocketImpl.java:282)
	at java.base/java.net.Socket.connect(Socket.java:665)
	at org.apache.http.conn.scheme.PlainSocketFactory.connectSocket(PlainSocketFactory.java:121)
	at org.apache.http.impl.conn.DefaultClientConnectionOperator.openConnection(DefaultClientConnectionOperator.java:180)
	at org.apache.http.impl.conn.ManagedClientConnectionImpl.open(ManagedClientConnectionImpl.java:326)
	at org.apache.http.impl.client.DefaultRequestDirector.tryConnect(DefaultRequestDirector.java:605)
	at org.apache.http.impl.client.DefaultRequestDirector.execute(DefaultRequestDirector.java:440)
	at org.apache.http.impl.client.AbstractHttpClient.doExecute(AbstractHttpClient.java:835)
	at org.apache.http.impl.client.CloseableHttpClient.execute(CloseableHttpClient.java:83)
	at io.restassured.internal.RestAssuredHttpBuilder.doRequest(RestAssuredHttpBuilder.java:141)
	at io.restassured.internal.http.HTTPBuilder.post(HTTPBuilder.java:349)
	at io.restassured.internal.http.HTTPBuilder$post$2.call(Unknown Source)
	at io.restassured.internal.RequestSpecificationImpl.sendRequest(RequestSpecificationImpl.groovy:1209)
	at io.restassured.internal.RequestSpecificationImpl.this$2$sendRequest(RequestSpecificationImpl.groovy)
	at java.base/java.lang.reflect.Method.invoke(Method.java:565)
	at org.codehaus.groovy.reflection.CachedMethod.invoke(CachedMethod.java:343)
	at groovy.lang.MetaMethod.doMethodInvoke(MetaMethod.java:328)
	at groovy.lang.MetaClassImpl.doInvokeMethod(MetaClassImpl.java:1333)
	at groovy.lang.MetaClassImpl.invokeMethod(MetaClassImpl.java:1088)
	at groovy.lang.MetaClassImpl.invokeMethod(MetaClassImpl.java:1007)
	at groovy.lang.MetaClassImpl.invokeMethod(MetaClassImpl.java:790)
	at io.restassured.internal.RequestSpecificationImpl.invokeMethod(RequestSpecificationImpl.groovy)
	at org.codehaus.groovy.runtime.callsite.PogoInterceptableSite.call(PogoInterceptableSite.java:46)
	at org.codehaus.groovy.runtime.callsite.AbstractCallSite.call(AbstractCallSite.java:166)
	at io.restassured.internal.filter.SendRequestFilter.filter(SendRequestFilter.groovy:30)
	at io.restassured.filter.Filter$filter.call(Unknown Source)
	at org.codehaus.groovy.runtime.callsite.CallSiteArray.defaultCall(CallSiteArray.java:45)
	at io.restassured.filter.Filter$filter$0.call(Unknown Source)
	at io.restassured.internal.filter.FilterContextImpl.next(FilterContextImpl.groovy:72)
	at io.restassured.filter.time.TimingFilter.filter(TimingFilter.java:56)
	at io.restassured.filter.Filter$filter$0.call(Unknown Source)
	at org.codehaus.groovy.runtime.callsite.CallSiteArray.defaultCall(CallSiteArray.java:45)
	at io.restassured.filter.Filter$filter.call(Unknown Source)
	at io.restassured.internal.filter.FilterContextImpl.next(FilterContextImpl.groovy:72)
	at io.restassured.filter.FilterContext$next.call(Unknown Source)
	at io.restassured.internal.filter.CsrfFilter.filter(CsrfFilter.groovy:70)
	at io.restassured.filter.Filter$filter.call(Unknown Source)
	at org.codehaus.groovy.runtime.callsite.CallSiteArray.defaultCall(CallSiteArray.java:45)
	at io.restassured.filter.Filter$filter.call(Unknown Source)
	at io.restassured.internal.filter.FilterContextImpl.next(FilterContextImpl.groovy:72)
	at io.restassured.filter.FilterContext$next.call(Unknown Source)
	at io.restassured.internal.RequestSpecificationImpl.applyPathParamsAndSendRequest(RequestSpecificationImpl.groovy:1704)
	at io.restassured.internal.RequestSpecificationImpl.this$2$applyPathParamsAndSendRequest(RequestSpecificationImpl.groovy)
	at java.base/java.lang.reflect.Method.invoke(Method.java:565)
	at org.codehaus.groovy.reflection.CachedMethod.invoke(CachedMethod.java:343)
	at groovy.lang.MetaMethod.doMethodInvoke(MetaMethod.java:328)
	at groovy.lang.MetaClassImpl.doInvokeMethod(MetaClassImpl.java:1333)
	at groovy.lang.MetaClassImpl.invokeMethod(MetaClassImpl.java:1088)
	at groovy.lang.MetaClassImpl.invokeMethod(MetaClassImpl.java:1007)
	at groovy.lang.MetaClassImpl.invokeMethod(MetaClassImpl.java:790)
	at io.restassured.internal.RequestSpecificationImpl.invokeMethod(RequestSpecificationImpl.groovy)
	at org.codehaus.groovy.runtime.callsite.PogoInterceptableSite.call(PogoInterceptableSite.java:46)
	at org.codehaus.groovy.runtime.callsite.PogoInterceptableSite.callCurrent(PogoInterceptableSite.java:57)
	at org.codehaus.groovy.runtime.callsite.AbstractCallSite.callCurrent(AbstractCallSite.java:203)
	at io.restassured.internal.RequestSpecificationImpl.applyPathParamsAndSendRequest(RequestSpecificationImpl.groovy:1710)
	at io.restassured.internal.RequestSpecificationImpl.this$2$applyPathParamsAndSendRequest(RequestSpecificationImpl.groovy)
	at java.base/java.lang.reflect.Method.invoke(Method.java:565)
	at org.codehaus.groovy.reflection.CachedMethod.invoke(CachedMethod.java:343)
	at groovy.lang.MetaMethod.doMethodInvoke(MetaMethod.java:328)
	at groovy.lang.MetaClassImpl.doInvokeMethod(MetaClassImpl.java:1333)
	at groovy.lang.MetaClassImpl.invokeMethod(MetaClassImpl.java:1088)
	at groovy.lang.MetaClassImpl.invokeMethod(MetaClassImpl.java:1007)
	at groovy.lang.MetaClassImpl.invokeMethod(MetaClassImpl.java:790)
	at io.restassured.internal.RequestSpecificationImpl.invokeMethod(RequestSpecificationImpl.groovy)
	at org.codehaus.groovy.runtime.callsite.PogoInterceptableSite.call(PogoInterceptableSite.java:46)
	at org.codehaus.groovy.runtime.callsite.PogoInterceptableSite.callCurrent(PogoInterceptableSite.java:57)
	at org.codehaus.groovy.runtime.callsite.AbstractCallSite.callCurrent(AbstractCallSite.java:203)
	at io.restassured.internal.RequestSpecificationImpl.post(RequestSpecificationImpl.groovy:176)
	at io.restassured.internal.RequestSpecificationImpl.post(RequestSpecificationImpl.groovy)
	at steps.EmployeeFormSteps.iSubmitEmployeeFormWithTheFollowingData(EmployeeFormSteps.java:64)
	at ✽.I submit employee form with the following data:(classpath:features/employee_add_simple.feature:6)

[ERROR] Employee Form Submission.Submit valid employee form data -- Time elapsed: 0.012 s <<< ERROR!
java.net.ConnectException: Connection refused
	at java.base/sun.nio.ch.Net.connect0(Native Method)
	at java.base/sun.nio.ch.Net.connect(Net.java:535)
	at java.base/sun.nio.ch.Net.connect(Net.java:524)
	at java.base/sun.nio.ch.NioSocketImpl.connect(NioSocketImpl.java:574)
	at java.base/java.net.SocksSocketImpl.connect(SocksSocketImpl.java:282)
	at java.base/java.net.Socket.connect(Socket.java:665)
	at org.apache.http.conn.scheme.PlainSocketFactory.connectSocket(PlainSocketFactory.java:121)
	at org.apache.http.impl.conn.DefaultClientConnectionOperator.openConnection(DefaultClientConnectionOperator.java:180)
	at org.apache.http.impl.conn.ManagedClientConnectionImpl.open(ManagedClientConnectionImpl.java:326)
	at org.apache.http.impl.client.DefaultRequestDirector.tryConnect(DefaultRequestDirector.java:605)
	at org.apache.http.impl.client.DefaultRequestDirector.execute(DefaultRequestDirector.java:440)
	at org.apache.http.impl.client.AbstractHttpClient.doExecute(AbstractHttpClient.java:835)
	at org.apache.http.impl.client.CloseableHttpClient.execute(CloseableHttpClient.java:83)
	at io.restassured.internal.RestAssuredHttpBuilder.doRequest(RestAssuredHttpBuilder.java:141)
	at io.restassured.internal.http.HTTPBuilder.post(HTTPBuilder.java:349)
	at io.restassured.internal.http.HTTPBuilder$post$2.call(Unknown Source)
	at io.restassured.internal.RequestSpecificationImpl.sendRequest(RequestSpecificationImpl.groovy:1209)
	at io.restassured.internal.RequestSpecificationImpl.this$2$sendRequest(RequestSpecificationImpl.groovy)
	at java.base/java.lang.reflect.Method.invoke(Method.java:565)
	at org.codehaus.groovy.reflection.CachedMethod.invoke(CachedMethod.java:343)
	at groovy.lang.MetaMethod.doMethodInvoke(MetaMethod.java:328)
	at groovy.lang.MetaClassImpl.doInvokeMethod(MetaClassImpl.java:1333)
	at groovy.lang.MetaClassImpl.invokeMethod(MetaClassImpl.java:1088)
	at groovy.lang.MetaClassImpl.invokeMethod(MetaClassImpl.java:1007)
	at groovy.lang.MetaClassImpl.invokeMethod(MetaClassImpl.java:790)
	at io.restassured.internal.RequestSpecificationImpl.invokeMethod(RequestSpecificationImpl.groovy)
	at org.codehaus.groovy.runtime.callsite.PogoInterceptableSite.call(PogoInterceptableSite.java:46)
	at org.codehaus.groovy.runtime.callsite.AbstractCallSite.call(AbstractCallSite.java:166)
	at io.restassured.internal.filter.SendRequestFilter.filter(SendRequestFilter.groovy:30)
	at io.restassured.filter.Filter$filter.call(Unknown Source)
	at org.codehaus.groovy.runtime.callsite.CallSiteArray.defaultCall(CallSiteArray.java:45)
	at io.restassured.filter.Filter$filter$0.call(Unknown Source)
	at io.restassured.internal.filter.FilterContextImpl.next(FilterContextImpl.groovy:72)
	at io.restassured.filter.time.TimingFilter.filter(TimingFilter.java:56)
	at io.restassured.filter.Filter$filter$0.call(Unknown Source)
	at org.codehaus.groovy.runtime.callsite.CallSiteArray.defaultCall(CallSiteArray.java:45)
	at io.restassured.filter.Filter$filter.call(Unknown Source)
	at io.restassured.internal.filter.FilterContextImpl.next(FilterContextImpl.groovy:72)
	at io.restassured.filter.FilterContext$next.call(Unknown Source)
	at io.restassured.internal.filter.CsrfFilter.filter(CsrfFilter.groovy:70)
	at io.restassured.filter.Filter$filter.call(Unknown Source)
	at org.codehaus.groovy.runtime.callsite.CallSiteArray.defaultCall(CallSiteArray.java:45)
	at io.restassured.filter.Filter$filter.call(Unknown Source)
	at io.restassured.internal.filter.FilterContextImpl.next(FilterContextImpl.groovy:72)
	at io.restassured.filter.FilterContext$next.call(Unknown Source)
	at io.restassured.internal.RequestSpecificationImpl.applyPathParamsAndSendRequest(RequestSpecificationImpl.groovy:1704)
	at io.restassured.internal.RequestSpecificationImpl.this$2$applyPathParamsAndSendRequest(RequestSpecificationImpl.groovy)
	at java.base/java.lang.reflect.Method.invoke(Method.java:565)
	at org.codehaus.groovy.reflection.CachedMethod.invoke(CachedMethod.java:343)
	at groovy.lang.MetaMethod.doMethodInvoke(MetaMethod.java:328)
	at groovy.lang.MetaClassImpl.doInvokeMethod(MetaClassImpl.java:1333)
	at groovy.lang.MetaClassImpl.invokeMethod(MetaClassImpl.java:1088)
	at groovy.lang.MetaClassImpl.invokeMethod(MetaClassImpl.java:1007)
	at groovy.lang.MetaClassImpl.invokeMethod(MetaClassImpl.java:790)
	at io.restassured.internal.RequestSpecificationImpl.invokeMethod(RequestSpecificationImpl.groovy)
	at org.codehaus.groovy.runtime.callsite.PogoInterceptableSite.call(PogoInterceptableSite.java:46)
	at org.codehaus.groovy.runtime.callsite.PogoInterceptableSite.callCurrent(PogoInterceptableSite.java:57)
	at org.codehaus.groovy.runtime.callsite.AbstractCallSite.callCurrent(AbstractCallSite.java:203)
	at io.restassured.internal.RequestSpecificationImpl.applyPathParamsAndSendRequest(RequestSpecificationImpl.groovy:1710)
	at io.restassured.internal.RequestSpecificationImpl.this$2$applyPathParamsAndSendRequest(RequestSpecificationImpl.groovy)
	at java.base/java.lang.reflect.Method.invoke(Method.java:565)
	at org.codehaus.groovy.reflection.CachedMethod.invoke(CachedMethod.java:343)
	at groovy.lang.MetaMethod.doMethodInvoke(MetaMethod.java:328)
	at groovy.lang.MetaClassImpl.doInvokeMethod(MetaClassImpl.java:1333)
	at groovy.lang.MetaClassImpl.invokeMethod(MetaClassImpl.java:1088)
	at groovy.lang.MetaClassImpl.invokeMethod(MetaClassImpl.java:1007)
	at groovy.lang.MetaClassImpl.invokeMethod(MetaClassImpl.java:790)
	at io.restassured.internal.RequestSpecificationImpl.invokeMethod(RequestSpecificationImpl.groovy)
	at org.codehaus.groovy.runtime.callsite.PogoInterceptableSite.call(PogoInterceptableSite.java:46)
	at org.codehaus.groovy.runtime.callsite.PogoInterceptableSite.callCurrent(PogoInterceptableSite.java:57)
	at org.codehaus.groovy.runtime.callsite.AbstractCallSite.callCurrent(AbstractCallSite.java:203)
	at io.restassured.internal.RequestSpecificationImpl.post(RequestSpecificationImpl.groovy:176)
	at io.restassured.internal.RequestSpecificationImpl.post(RequestSpecificationImpl.groovy)
	at steps.EmployeeFormSteps.iSubmitEmployeeFormWithTheFollowingData(EmployeeFormSteps.java:64)
	at ✽.I submit employee form with the following data:(classpath:features/employee_form.feature:11)

[ERROR] Employee Form Submission.Submit form with invalid email format -- Time elapsed: 0.010 s <<< ERROR!
java.net.ConnectException: Connection refused
	at java.base/sun.nio.ch.Net.connect0(Native Method)
	at java.base/sun.nio.ch.Net.connect(Net.java:535)
	at java.base/sun.nio.ch.Net.connect(Net.java:524)
	at java.base/sun.nio.ch.NioSocketImpl.connect(NioSocketImpl.java:574)
	at java.base/java.net.SocksSocketImpl.connect(SocksSocketImpl.java:282)
	at java.base/java.net.Socket.connect(Socket.java:665)
	at org.apache.http.conn.scheme.PlainSocketFactory.connectSocket(PlainSocketFactory.java:121)
	at org.apache.http.impl.conn.DefaultClientConnectionOperator.openConnection(DefaultClientConnectionOperator.java:180)
	at org.apache.http.impl.conn.ManagedClientConnectionImpl.open(ManagedClientConnectionImpl.java:326)
	at org.apache.http.impl.client.DefaultRequestDirector.tryConnect(DefaultRequestDirector.java:605)
	at org.apache.http.impl.client.DefaultRequestDirector.execute(DefaultRequestDirector.java:440)
	at org.apache.http.impl.client.AbstractHttpClient.doExecute(AbstractHttpClient.java:835)
	at org.apache.http.impl.client.CloseableHttpClient.execute(CloseableHttpClient.java:83)
	at io.restassured.internal.RestAssuredHttpBuilder.doRequest(RestAssuredHttpBuilder.java:141)
	at io.restassured.internal.http.HTTPBuilder.post(HTTPBuilder.java:349)
	at io.restassured.internal.http.HTTPBuilder$post$2.call(Unknown Source)
	at io.restassured.internal.RequestSpecificationImpl.sendRequest(RequestSpecificationImpl.groovy:1209)
	at io.restassured.internal.RequestSpecificationImpl.this$2$sendRequest(RequestSpecificationImpl.groovy)
	at java.base/java.lang.reflect.Method.invoke(Method.java:565)
	at org.codehaus.groovy.reflection.CachedMethod.invoke(CachedMethod.java:343)
	at groovy.lang.MetaMethod.doMethodInvoke(MetaMethod.java:328)
	at groovy.lang.MetaClassImpl.doInvokeMethod(MetaClassImpl.java:1333)
	at groovy.lang.MetaClassImpl.invokeMethod(MetaClassImpl.java:1088)
	at groovy.lang.MetaClassImpl.invokeMethod(MetaClassImpl.java:1007)
	at groovy.lang.MetaClassImpl.invokeMethod(MetaClassImpl.java:790)
	at io.restassured.internal.RequestSpecificationImpl.invokeMethod(RequestSpecificationImpl.groovy)
	at org.codehaus.groovy.runtime.callsite.PogoInterceptableSite.call(PogoInterceptableSite.java:46)
	at org.codehaus.groovy.runtime.callsite.AbstractCallSite.call(AbstractCallSite.java:166)
	at io.restassured.internal.filter.SendRequestFilter.filter(SendRequestFilter.groovy:30)
	at io.restassured.filter.Filter$filter.call(Unknown Source)
	at org.codehaus.groovy.runtime.callsite.CallSiteArray.defaultCall(CallSiteArray.java:45)
	at io.restassured.filter.Filter$filter$0.call(Unknown Source)
	at io.restassured.internal.filter.FilterContextImpl.next(FilterContextImpl.groovy:72)
	at io.restassured.filter.time.TimingFilter.filter(TimingFilter.java:56)
	at io.restassured.filter.Filter$filter$0.call(Unknown Source)
	at org.codehaus.groovy.runtime.callsite.CallSiteArray.defaultCall(CallSiteArray.java:45)
	at io.restassured.filter.Filter$filter.call(Unknown Source)
	at io.restassured.internal.filter.FilterContextImpl.next(FilterContextImpl.groovy:72)
	at io.restassured.filter.FilterContext$next.call(Unknown Source)
	at io.restassured.internal.filter.CsrfFilter.filter(CsrfFilter.groovy:70)
	at io.restassured.filter.Filter$filter.call(Unknown Source)
	at org.codehaus.groovy.runtime.callsite.CallSiteArray.defaultCall(CallSiteArray.java:45)
	at io.restassured.filter.Filter$filter.call(Unknown Source)
	at io.restassured.internal.filter.FilterContextImpl.next(FilterContextImpl.groovy:72)
	at io.restassured.filter.FilterContext$next.call(Unknown Source)
	at io.restassured.internal.RequestSpecificationImpl.applyPathParamsAndSendRequest(RequestSpecificationImpl.groovy:1704)
	at io.restassured.internal.RequestSpecificationImpl.this$2$applyPathParamsAndSendRequest(RequestSpecificationImpl.groovy)
	at java.base/java.lang.reflect.Method.invoke(Method.java:565)
	at org.codehaus.groovy.reflection.CachedMethod.invoke(CachedMethod.java:343)
	at groovy.lang.MetaMethod.doMethodInvoke(MetaMethod.java:328)
	at groovy.lang.MetaClassImpl.doInvokeMethod(MetaClassImpl.java:1333)
	at groovy.lang.MetaClassImpl.invokeMethod(MetaClassImpl.java:1088)
	at groovy.lang.MetaClassImpl.invokeMethod(MetaClassImpl.java:1007)
	at groovy.lang.MetaClassImpl.invokeMethod(MetaClassImpl.java:790)
	at io.restassured.internal.RequestSpecificationImpl.invokeMethod(RequestSpecificationImpl.groovy)
	at org.codehaus.groovy.runtime.callsite.PogoInterceptableSite.call(PogoInterceptableSite.java:46)
	at org.codehaus.groovy.runtime.callsite.PogoInterceptableSite.callCurrent(PogoInterceptableSite.java:57)
	at org.codehaus.groovy.runtime.callsite.AbstractCallSite.callCurrent(AbstractCallSite.java:203)
	at io.restassured.internal.RequestSpecificationImpl.applyPathParamsAndSendRequest(RequestSpecificationImpl.groovy:1710)
	at io.restassured.internal.RequestSpecificationImpl.this$2$applyPathParamsAndSendRequest(RequestSpecificationImpl.groovy)
	at java.base/java.lang.reflect.Method.invoke(Method.java:565)
	at org.codehaus.groovy.reflection.CachedMethod.invoke(CachedMethod.java:343)
	at groovy.lang.MetaMethod.doMethodInvoke(MetaMethod.java:328)
	at groovy.lang.MetaClassImpl.doInvokeMethod(MetaClassImpl.java:1333)
	at groovy.lang.MetaClassImpl.invokeMethod(MetaClassImpl.java:1088)
	at groovy.lang.MetaClassImpl.invokeMethod(MetaClassImpl.java:1007)
	at groovy.lang.MetaClassImpl.invokeMethod(MetaClassImpl.java:790)
	at io.restassured.internal.RequestSpecificationImpl.invokeMethod(RequestSpecificationImpl.groovy)
	at org.codehaus.groovy.runtime.callsite.PogoInterceptableSite.call(PogoInterceptableSite.java:46)
	at org.codehaus.groovy.runtime.callsite.PogoInterceptableSite.callCurrent(PogoInterceptableSite.java:57)
	at org.codehaus.groovy.runtime.callsite.AbstractCallSite.callCurrent(AbstractCallSite.java:203)
	at io.restassured.internal.RequestSpecificationImpl.post(RequestSpecificationImpl.groovy:176)
	at io.restassured.internal.RequestSpecificationImpl.post(RequestSpecificationImpl.groovy)
	at steps.EmployeeFormSteps.iSubmitEmployeeFormWithTheFollowingData(EmployeeFormSteps.java:64)
	at ✽.I submit employee form with the following data:(classpath:features/employee_form.feature:23)

[ERROR] Employee Form Submission.Submit form with short name -- Time elapsed: 0.009 s <<< ERROR!
java.net.ConnectException: Connection refused
	at java.base/sun.nio.ch.Net.connect0(Native Method)
	at java.base/sun.nio.ch.Net.connect(Net.java:535)
	at java.base/sun.nio.ch.Net.connect(Net.java:524)
	at java.base/sun.nio.ch.NioSocketImpl.connect(NioSocketImpl.java:574)
	at java.base/java.net.SocksSocketImpl.connect(SocksSocketImpl.java:282)
	at java.base/java.net.Socket.connect(Socket.java:665)
	at org.apache.http.conn.scheme.PlainSocketFactory.connectSocket(PlainSocketFactory.java:121)
	at org.apache.http.impl.conn.DefaultClientConnectionOperator.openConnection(DefaultClientConnectionOperator.java:180)
	at org.apache.http.impl.conn.ManagedClientConnectionImpl.open(ManagedClientConnectionImpl.java:326)
	at org.apache.http.impl.client.DefaultRequestDirector.tryConnect(DefaultRequestDirector.java:605)
	at org.apache.http.impl.client.DefaultRequestDirector.execute(DefaultRequestDirector.java:440)
	at org.apache.http.impl.client.AbstractHttpClient.doExecute(AbstractHttpClient.java:835)
	at org.apache.http.impl.client.CloseableHttpClient.execute(CloseableHttpClient.java:83)
	at io.restassured.internal.RestAssuredHttpBuilder.doRequest(RestAssuredHttpBuilder.java:141)
	at io.restassured.internal.http.HTTPBuilder.post(HTTPBuilder.java:349)
	at io.restassured.internal.http.HTTPBuilder$post$2.call(Unknown Source)
	at io.restassured.internal.RequestSpecificationImpl.sendRequest(RequestSpecificationImpl.groovy:1209)
	at io.restassured.internal.RequestSpecificationImpl.this$2$sendRequest(RequestSpecificationImpl.groovy)
	at java.base/java.lang.reflect.Method.invoke(Method.java:565)
	at org.codehaus.groovy.reflection.CachedMethod.invoke(CachedMethod.java:343)
	at groovy.lang.MetaMethod.doMethodInvoke(MetaMethod.java:328)
	at groovy.lang.MetaClassImpl.doInvokeMethod(MetaClassImpl.java:1333)
	at groovy.lang.MetaClassImpl.invokeMethod(MetaClassImpl.java:1088)
	at groovy.lang.MetaClassImpl.invokeMethod(MetaClassImpl.java:1007)
	at groovy.lang.MetaClassImpl.invokeMethod(MetaClassImpl.java:790)
	at io.restassured.internal.RequestSpecificationImpl.invokeMethod(RequestSpecificationImpl.groovy)
	at org.codehaus.groovy.runtime.callsite.PogoInterceptableSite.call(PogoInterceptableSite.java:46)
	at org.codehaus.groovy.runtime.callsite.AbstractCallSite.call(AbstractCallSite.java:166)
	at io.restassured.internal.filter.SendRequestFilter.filter(SendRequestFilter.groovy:30)
	at io.restassured.filter.Filter$filter.call(Unknown Source)
	at org.codehaus.groovy.runtime.callsite.CallSiteArray.defaultCall(CallSiteArray.java:45)
	at io.restassured.filter.Filter$filter$0.call(Unknown Source)
	at io.restassured.internal.filter.FilterContextImpl.next(FilterContextImpl.groovy:72)
	at io.restassured.filter.time.TimingFilter.filter(TimingFilter.java:56)
	at io.restassured.filter.Filter$filter$0.call(Unknown Source)
	at org.codehaus.groovy.runtime.callsite.CallSiteArray.defaultCall(CallSiteArray.java:45)
	at io.restassured.filter.Filter$filter.call(Unknown Source)
	at io.restassured.internal.filter.FilterContextImpl.next(FilterContextImpl.groovy:72)
	at io.restassured.filter.FilterContext$next.call(Unknown Source)
	at io.restassured.internal.filter.CsrfFilter.filter(CsrfFilter.groovy:70)
	at io.restassured.filter.Filter$filter.call(Unknown Source)
	at org.codehaus.groovy.runtime.callsite.CallSiteArray.defaultCall(CallSiteArray.java:45)
	at io.restassured.filter.Filter$filter.call(Unknown Source)
	at io.restassured.internal.filter.FilterContextImpl.next(FilterContextImpl.groovy:72)
	at io.restassured.filter.FilterContext$next.call(Unknown Source)
	at io.restassured.internal.RequestSpecificationImpl.applyPathParamsAndSendRequest(RequestSpecificationImpl.groovy:1704)
	at io.restassured.internal.RequestSpecificationImpl.this$2$applyPathParamsAndSendRequest(RequestSpecificationImpl.groovy)
	at java.base/java.lang.reflect.Method.invoke(Method.java:565)
	at org.codehaus.groovy.reflection.CachedMethod.invoke(CachedMethod.java:343)
	at groovy.lang.MetaMethod.doMethodInvoke(MetaMethod.java:328)
	at groovy.lang.MetaClassImpl.doInvokeMethod(MetaClassImpl.java:1333)
	at groovy.lang.MetaClassImpl.invokeMethod(MetaClassImpl.java:1088)
	at groovy.lang.MetaClassImpl.invokeMethod(MetaClassImpl.java:1007)
	at groovy.lang.MetaClassImpl.invokeMethod(MetaClassImpl.java:790)
	at io.restassured.internal.RequestSpecificationImpl.invokeMethod(RequestSpecificationImpl.groovy)
	at org.codehaus.groovy.runtime.callsite.PogoInterceptableSite.call(PogoInterceptableSite.java:46)
	at org.codehaus.groovy.runtime.callsite.PogoInterceptableSite.callCurrent(PogoInterceptableSite.java:57)
	at org.codehaus.groovy.runtime.callsite.AbstractCallSite.callCurrent(AbstractCallSite.java:203)
	at io.restassured.internal.RequestSpecificationImpl.applyPathParamsAndSendRequest(RequestSpecificationImpl.groovy:1710)
	at io.restassured.internal.RequestSpecificationImpl.this$2$applyPathParamsAndSendRequest(RequestSpecificationImpl.groovy)
	at java.base/java.lang.reflect.Method.invoke(Method.java:565)
	at org.codehaus.groovy.reflection.CachedMethod.invoke(CachedMethod.java:343)
	at groovy.lang.MetaMethod.doMethodInvoke(MetaMethod.java:328)
	at groovy.lang.MetaClassImpl.doInvokeMethod(MetaClassImpl.java:1333)
	at groovy.lang.MetaClassImpl.invokeMethod(MetaClassImpl.java:1088)
	at groovy.lang.MetaClassImpl.invokeMethod(MetaClassImpl.java:1007)
	at groovy.lang.MetaClassImpl.invokeMethod(MetaClassImpl.java:790)
	at io.restassured.internal.RequestSpecificationImpl.invokeMethod(RequestSpecificationImpl.groovy)
	at org.codehaus.groovy.runtime.callsite.PogoInterceptableSite.call(PogoInterceptableSite.java:46)
	at org.codehaus.groovy.runtime.callsite.PogoInterceptableSite.callCurrent(PogoInterceptableSite.java:57)
	at org.codehaus.groovy.runtime.callsite.AbstractCallSite.callCurrent(AbstractCallSite.java:203)
	at io.restassured.internal.RequestSpecificationImpl.post(RequestSpecificationImpl.groovy:176)
	at io.restassured.internal.RequestSpecificationImpl.post(RequestSpecificationImpl.groovy)
	at steps.EmployeeFormSteps.iSubmitEmployeeFormWithTheFollowingData(EmployeeFormSteps.java:64)
	at ✽.I submit employee form with the following data:(classpath:features/employee_form.feature:35)

[ERROR] Employee Form Submission.Submit form with invalid phone number -- Time elapsed: 0.010 s <<< ERROR!
java.net.ConnectException: Connection refused
	at java.base/sun.nio.ch.Net.connect0(Native Method)
	at java.base/sun.nio.ch.Net.connect(Net.java:535)
	at java.base/sun.nio.ch.Net.connect(Net.java:524)
	at java.base/sun.nio.ch.NioSocketImpl.connect(NioSocketImpl.java:574)
	at java.base/java.net.SocksSocketImpl.connect(SocksSocketImpl.java:282)
	at java.base/java.net.Socket.connect(Socket.java:665)
	at org.apache.http.conn.scheme.PlainSocketFactory.connectSocket(PlainSocketFactory.java:121)
	at org.apache.http.impl.conn.DefaultClientConnectionOperator.openConnection(DefaultClientConnectionOperator.java:180)
	at org.apache.http.impl.conn.ManagedClientConnectionImpl.open(ManagedClientConnectionImpl.java:326)
	at org.apache.http.impl.client.DefaultRequestDirector.tryConnect(DefaultRequestDirector.java:605)
	at org.apache.http.impl.client.DefaultRequestDirector.execute(DefaultRequestDirector.java:440)
	at org.apache.http.impl.client.AbstractHttpClient.doExecute(AbstractHttpClient.java:835)
	at org.apache.http.impl.client.CloseableHttpClient.execute(CloseableHttpClient.java:83)
	at io.restassured.internal.RestAssuredHttpBuilder.doRequest(RestAssuredHttpBuilder.java:141)
	at io.restassured.internal.http.HTTPBuilder.post(HTTPBuilder.java:349)
	at io.restassured.internal.http.HTTPBuilder$post$2.call(Unknown Source)
	at io.restassured.internal.RequestSpecificationImpl.sendRequest(RequestSpecificationImpl.groovy:1209)
	at io.restassured.internal.RequestSpecificationImpl.this$2$sendRequest(RequestSpecificationImpl.groovy)
	at java.base/java.lang.reflect.Method.invoke(Method.java:565)
	at org.codehaus.groovy.reflection.CachedMethod.invoke(CachedMethod.java:343)
	at groovy.lang.MetaMethod.doMethodInvoke(MetaMethod.java:328)
	at groovy.lang.MetaClassImpl.doInvokeMethod(MetaClassImpl.java:1333)
	at groovy.lang.MetaClassImpl.invokeMethod(MetaClassImpl.java:1088)
	at groovy.lang.MetaClassImpl.invokeMethod(MetaClassImpl.java:1007)
	at groovy.lang.MetaClassImpl.invokeMethod(MetaClassImpl.java:790)
	at io.restassured.internal.RequestSpecificationImpl.invokeMethod(RequestSpecificationImpl.groovy)
	at org.codehaus.groovy.runtime.callsite.PogoInterceptableSite.call(PogoInterceptableSite.java:46)
	at org.codehaus.groovy.runtime.callsite.AbstractCallSite.call(AbstractCallSite.java:166)
	at io.restassured.internal.filter.SendRequestFilter.filter(SendRequestFilter.groovy:30)
	at io.restassured.filter.Filter$filter.call(Unknown Source)
	at org.codehaus.groovy.runtime.callsite.CallSiteArray.defaultCall(CallSiteArray.java:45)
	at io.restassured.filter.Filter$filter$0.call(Unknown Source)
	at io.restassured.internal.filter.FilterContextImpl.next(FilterContextImpl.groovy:72)
	at io.restassured.filter.time.TimingFilter.filter(TimingFilter.java:56)
	at io.restassured.filter.Filter$filter$0.call(Unknown Source)
	at org.codehaus.groovy.runtime.callsite.CallSiteArray.defaultCall(CallSiteArray.java:45)
	at io.restassured.filter.Filter$filter.call(Unknown Source)
	at io.restassured.internal.filter.FilterContextImpl.next(FilterContextImpl.groovy:72)
	at io.restassured.filter.FilterContext$next.call(Unknown Source)
	at io.restassured.internal.filter.CsrfFilter.filter(CsrfFilter.groovy:70)
	at io.restassured.filter.Filter$filter.call(Unknown Source)
	at org.codehaus.groovy.runtime.callsite.CallSiteArray.defaultCall(CallSiteArray.java:45)
	at io.restassured.filter.Filter$filter.call(Unknown Source)
	at io.restassured.internal.filter.FilterContextImpl.next(FilterContextImpl.groovy:72)
	at io.restassured.filter.FilterContext$next.call(Unknown Source)
	at io.restassured.internal.RequestSpecificationImpl.applyPathParamsAndSendRequest(RequestSpecificationImpl.groovy:1704)
	at io.restassured.internal.RequestSpecificationImpl.this$2$applyPathParamsAndSendRequest(RequestSpecificationImpl.groovy)
	at java.base/java.lang.reflect.Method.invoke(Method.java:565)
	at org.codehaus.groovy.reflection.CachedMethod.invoke(CachedMethod.java:343)
	at groovy.lang.MetaMethod.doMethodInvoke(MetaMethod.java:328)
	at groovy.lang.MetaClassImpl.doInvokeMethod(MetaClassImpl.java:1333)
	at groovy.lang.MetaClassImpl.invokeMethod(MetaClassImpl.java:1088)
	at groovy.lang.MetaClassImpl.invokeMethod(MetaClassImpl.java:1007)
	at groovy.lang.MetaClassImpl.invokeMethod(MetaClassImpl.java:790)
	at io.restassured.internal.RequestSpecificationImpl.invokeMethod(RequestSpecificationImpl.groovy)
	at org.codehaus.groovy.runtime.callsite.PogoInterceptableSite.call(PogoInterceptableSite.java:46)
	at org.codehaus.groovy.runtime.callsite.PogoInterceptableSite.callCurrent(PogoInterceptableSite.java:57)
	at org.codehaus.groovy.runtime.callsite.AbstractCallSite.callCurrent(AbstractCallSite.java:203)
	at io.restassured.internal.RequestSpecificationImpl.applyPathParamsAndSendRequest(RequestSpecificationImpl.groovy:1710)
	at io.restassured.internal.RequestSpecificationImpl.this$2$applyPathParamsAndSendRequest(RequestSpecificationImpl.groovy)
	at java.base/java.lang.reflect.Method.invoke(Method.java:565)
	at org.codehaus.groovy.reflection.CachedMethod.invoke(CachedMethod.java:343)
	at groovy.lang.MetaMethod.doMethodInvoke(MetaMethod.java:328)
	at groovy.lang.MetaClassImpl.doInvokeMethod(MetaClassImpl.java:1333)
	at groovy.lang.MetaClassImpl.invokeMethod(MetaClassImpl.java:1088)
	at groovy.lang.MetaClassImpl.invokeMethod(MetaClassImpl.java:1007)
	at groovy.lang.MetaClassImpl.invokeMethod(MetaClassImpl.java:790)
	at io.restassured.internal.RequestSpecificationImpl.invokeMethod(RequestSpecificationImpl.groovy)
	at org.codehaus.groovy.runtime.callsite.PogoInterceptableSite.call(PogoInterceptableSite.java:46)
	at org.codehaus.groovy.runtime.callsite.PogoInterceptableSite.callCurrent(PogoInterceptableSite.java:57)
	at org.codehaus.groovy.runtime.callsite.AbstractCallSite.callCurrent(AbstractCallSite.java:203)
	at io.restassured.internal.RequestSpecificationImpl.post(RequestSpecificationImpl.groovy:176)
	at io.restassured.internal.RequestSpecificationImpl.post(RequestSpecificationImpl.groovy)
	at steps.EmployeeFormSteps.iSubmitEmployeeFormWithTheFollowingData(EmployeeFormSteps.java:64)
	at ✽.I submit employee form with the following data:(classpath:features/employee_form.feature:47)

[ERROR] Employee Form Submission.Submit form with blank position -- Time elapsed: 0.007 s <<< ERROR!
java.net.ConnectException: Connection refused
	at java.base/sun.nio.ch.Net.connect0(Native Method)
	at java.base/sun.nio.ch.Net.connect(Net.java:535)
	at java.base/sun.nio.ch.Net.connect(Net.java:524)
	at java.base/sun.nio.ch.NioSocketImpl.connect(NioSocketImpl.java:574)
	at java.base/java.net.SocksSocketImpl.connect(SocksSocketImpl.java:282)
	at java.base/java.net.Socket.connect(Socket.java:665)
	at org.apache.http.conn.scheme.PlainSocketFactory.connectSocket(PlainSocketFactory.java:121)
	at org.apache.http.impl.conn.DefaultClientConnectionOperator.openConnection(DefaultClientConnectionOperator.java:180)
	at org.apache.http.impl.conn.ManagedClientConnectionImpl.open(ManagedClientConnectionImpl.java:326)
	at org.apache.http.impl.client.DefaultRequestDirector.tryConnect(DefaultRequestDirector.java:605)
	at org.apache.http.impl.client.DefaultRequestDirector.execute(DefaultRequestDirector.java:440)
	at org.apache.http.impl.client.AbstractHttpClient.doExecute(AbstractHttpClient.java:835)
	at org.apache.http.impl.client.CloseableHttpClient.execute(CloseableHttpClient.java:83)
	at io.restassured.internal.RestAssuredHttpBuilder.doRequest(RestAssuredHttpBuilder.java:141)
	at io.restassured.internal.http.HTTPBuilder.post(HTTPBuilder.java:349)
	at io.restassured.internal.http.HTTPBuilder$post$2.call(Unknown Source)
	at io.restassured.internal.RequestSpecificationImpl.sendRequest(RequestSpecificationImpl.groovy:1209)
	at io.restassured.internal.RequestSpecificationImpl.this$2$sendRequest(RequestSpecificationImpl.groovy)
	at java.base/java.lang.reflect.Method.invoke(Method.java:565)
	at org.codehaus.groovy.reflection.CachedMethod.invoke(CachedMethod.java:343)
	at groovy.lang.MetaMethod.doMethodInvoke(MetaMethod.java:328)
	at groovy.lang.MetaClassImpl.doInvokeMethod(MetaClassImpl.java:1333)
	at groovy.lang.MetaClassImpl.invokeMethod(MetaClassImpl.java:1088)
	at groovy.lang.MetaClassImpl.invokeMethod(MetaClassImpl.java:1007)
	at groovy.lang.MetaClassImpl.invokeMethod(MetaClassImpl.java:790)
	at io.restassured.internal.RequestSpecificationImpl.invokeMethod(RequestSpecificationImpl.groovy)
	at org.codehaus.groovy.runtime.callsite.PogoInterceptableSite.call(PogoInterceptableSite.java:46)
	at org.codehaus.groovy.runtime.callsite.AbstractCallSite.call(AbstractCallSite.java:166)
	at io.restassured.internal.filter.SendRequestFilter.filter(SendRequestFilter.groovy:30)
	at io.restassured.filter.Filter$filter.call(Unknown Source)
	at org.codehaus.groovy.runtime.callsite.CallSiteArray.defaultCall(CallSiteArray.java:45)
	at io.restassured.filter.Filter$filter$0.call(Unknown Source)
	at io.restassured.internal.filter.FilterContextImpl.next(FilterContextImpl.groovy:72)
	at io.restassured.filter.time.TimingFilter.filter(TimingFilter.java:56)
	at io.restassured.filter.Filter$filter$0.call(Unknown Source)
	at org.codehaus.groovy.runtime.callsite.CallSiteArray.defaultCall(CallSiteArray.java:45)
	at io.restassured.filter.Filter$filter.call(Unknown Source)
	at io.restassured.internal.filter.FilterContextImpl.next(FilterContextImpl.groovy:72)
	at io.restassured.filter.FilterContext$next.call(Unknown Source)
	at io.restassured.internal.filter.CsrfFilter.filter(CsrfFilter.groovy:70)
	at io.restassured.filter.Filter$filter.call(Unknown Source)
	at org.codehaus.groovy.runtime.callsite.CallSiteArray.defaultCall(CallSiteArray.java:45)
	at io.restassured.filter.Filter$filter.call(Unknown Source)
	at io.restassured.internal.filter.FilterContextImpl.next(FilterContextImpl.groovy:72)
	at io.restassured.filter.FilterContext$next.call(Unknown Source)
	at io.restassured.internal.RequestSpecificationImpl.applyPathParamsAndSendRequest(RequestSpecificationImpl.groovy:1704)
	at io.restassured.internal.RequestSpecificationImpl.this$2$applyPathParamsAndSendRequest(RequestSpecificationImpl.groovy)
	at java.base/java.lang.reflect.Method.invoke(Method.java:565)
	at org.codehaus.groovy.reflection.CachedMethod.invoke(CachedMethod.java:343)
	at groovy.lang.MetaMethod.doMethodInvoke(MetaMethod.java:328)
	at groovy.lang.MetaClassImpl.doInvokeMethod(MetaClassImpl.java:1333)
	at groovy.lang.MetaClassImpl.invokeMethod(MetaClassImpl.java:1088)
	at groovy.lang.MetaClassImpl.invokeMethod(MetaClassImpl.java:1007)
	at groovy.lang.MetaClassImpl.invokeMethod(MetaClassImpl.java:790)
	at io.restassured.internal.RequestSpecificationImpl.invokeMethod(RequestSpecificationImpl.groovy)
	at org.codehaus.groovy.runtime.callsite.PogoInterceptableSite.call(PogoInterceptableSite.java:46)
	at org.codehaus.groovy.runtime.callsite.PogoInterceptableSite.callCurrent(PogoInterceptableSite.java:57)
	at org.codehaus.groovy.runtime.callsite.AbstractCallSite.callCurrent(AbstractCallSite.java:203)
	at io.restassured.internal.RequestSpecificationImpl.applyPathParamsAndSendRequest(RequestSpecificationImpl.groovy:1710)
	at io.restassured.internal.RequestSpecificationImpl.this$2$applyPathParamsAndSendRequest(RequestSpecificationImpl.groovy)
	at java.base/java.lang.reflect.Method.invoke(Method.java:565)
	at org.codehaus.groovy.reflection.CachedMethod.invoke(CachedMethod.java:343)
	at groovy.lang.MetaMethod.doMethodInvoke(MetaMethod.java:328)
	at groovy.lang.MetaClassImpl.doInvokeMethod(MetaClassImpl.java:1333)
	at groovy.lang.MetaClassImpl.invokeMethod(MetaClassImpl.java:1088)
	at groovy.lang.MetaClassImpl.invokeMethod(MetaClassImpl.java:1007)
	at groovy.lang.MetaClassImpl.invokeMethod(MetaClassImpl.java:790)
	at io.restassured.internal.RequestSpecificationImpl.invokeMethod(RequestSpecificationImpl.groovy)
	at org.codehaus.groovy.runtime.callsite.PogoInterceptableSite.call(PogoInterceptableSite.java:46)
	at org.codehaus.groovy.runtime.callsite.PogoInterceptableSite.callCurrent(PogoInterceptableSite.java:57)
	at org.codehaus.groovy.runtime.callsite.AbstractCallSite.callCurrent(AbstractCallSite.java:203)
	at io.restassured.internal.RequestSpecificationImpl.post(RequestSpecificationImpl.groovy:176)
	at io.restassured.internal.RequestSpecificationImpl.post(RequestSpecificationImpl.groovy)
	at steps.EmployeeFormSteps.iSubmitEmployeeFormWithTheFollowingData(EmployeeFormSteps.java:64)
	at ✽.I submit employee form with the following data:(classpath:features/employee_form.feature:59)

[ERROR] Employee Form Submission.Submit form with minimum valid name length -- Time elapsed: 0.008 s <<< ERROR!
java.net.ConnectException: Connection refused
	at java.base/sun.nio.ch.Net.connect0(Native Method)
	at java.base/sun.nio.ch.Net.connect(Net.java:535)
	at java.base/sun.nio.ch.Net.connect(Net.java:524)
	at java.base/sun.nio.ch.NioSocketImpl.connect(NioSocketImpl.java:574)
	at java.base/java.net.SocksSocketImpl.connect(SocksSocketImpl.java:282)
	at java.base/java.net.Socket.connect(Socket.java:665)
	at org.apache.http.conn.scheme.PlainSocketFactory.connectSocket(PlainSocketFactory.java:121)
	at org.apache.http.impl.conn.DefaultClientConnectionOperator.openConnection(DefaultClientConnectionOperator.java:180)
	at org.apache.http.impl.conn.ManagedClientConnectionImpl.open(ManagedClientConnectionImpl.java:326)
	at org.apache.http.impl.client.DefaultRequestDirector.tryConnect(DefaultRequestDirector.java:605)
	at org.apache.http.impl.client.DefaultRequestDirector.execute(DefaultRequestDirector.java:440)
	at org.apache.http.impl.client.AbstractHttpClient.doExecute(AbstractHttpClient.java:835)
	at org.apache.http.impl.client.CloseableHttpClient.execute(CloseableHttpClient.java:83)
	at io.restassured.internal.RestAssuredHttpBuilder.doRequest(RestAssuredHttpBuilder.java:141)
	at io.restassured.internal.http.HTTPBuilder.post(HTTPBuilder.java:349)
	at io.restassured.internal.http.HTTPBuilder$post$2.call(Unknown Source)
	at io.restassured.internal.RequestSpecificationImpl.sendRequest(RequestSpecificationImpl.groovy:1209)
	at io.restassured.internal.RequestSpecificationImpl.this$2$sendRequest(RequestSpecificationImpl.groovy)
	at java.base/java.lang.reflect.Method.invoke(Method.java:565)
	at org.codehaus.groovy.reflection.CachedMethod.invoke(CachedMethod.java:343)
	at groovy.lang.MetaMethod.doMethodInvoke(MetaMethod.java:328)
	at groovy.lang.MetaClassImpl.doInvokeMethod(MetaClassImpl.java:1333)
	at groovy.lang.MetaClassImpl.invokeMethod(MetaClassImpl.java:1088)
	at groovy.lang.MetaClassImpl.invokeMethod(MetaClassImpl.java:1007)
	at groovy.lang.MetaClassImpl.invokeMethod(MetaClassImpl.java:790)
	at io.restassured.internal.RequestSpecificationImpl.invokeMethod(RequestSpecificationImpl.groovy)
	at org.codehaus.groovy.runtime.callsite.PogoInterceptableSite.call(PogoInterceptableSite.java:46)
	at org.codehaus.groovy.runtime.callsite.AbstractCallSite.call(AbstractCallSite.java:166)
	at io.restassured.internal.filter.SendRequestFilter.filter(SendRequestFilter.groovy:30)
	at io.restassured.filter.Filter$filter.call(Unknown Source)
	at org.codehaus.groovy.runtime.callsite.CallSiteArray.defaultCall(CallSiteArray.java:45)
	at io.restassured.filter.Filter$filter$0.call(Unknown Source)
	at io.restassured.internal.filter.FilterContextImpl.next(FilterContextImpl.groovy:72)
	at io.restassured.filter.time.TimingFilter.filter(TimingFilter.java:56)
	at io.restassured.filter.Filter$filter$0.call(Unknown Source)
	at org.codehaus.groovy.runtime.callsite.CallSiteArray.defaultCall(CallSiteArray.java:45)
	at io.restassured.filter.Filter$filter.call(Unknown Source)
	at io.restassured.internal.filter.FilterContextImpl.next(FilterContextImpl.groovy:72)
	at io.restassured.filter.FilterContext$next.call(Unknown Source)
	at io.restassured.internal.filter.CsrfFilter.filter(CsrfFilter.groovy:70)
	at io.restassured.filter.Filter$filter.call(Unknown Source)
	at org.codehaus.groovy.runtime.callsite.CallSiteArray.defaultCall(CallSiteArray.java:45)
	at io.restassured.filter.Filter$filter.call(Unknown Source)
	at io.restassured.internal.filter.FilterContextImpl.next(FilterContextImpl.groovy:72)
	at io.restassured.filter.FilterContext$next.call(Unknown Source)
	at io.restassured.internal.RequestSpecificationImpl.applyPathParamsAndSendRequest(RequestSpecificationImpl.groovy:1704)
	at io.restassured.internal.RequestSpecificationImpl.this$2$applyPathParamsAndSendRequest(RequestSpecificationImpl.groovy)
	at java.base/java.lang.reflect.Method.invoke(Method.java:565)
	at org.codehaus.groovy.reflection.CachedMethod.invoke(CachedMethod.java:343)
	at groovy.lang.MetaMethod.doMethodInvoke(MetaMethod.java:328)
	at groovy.lang.MetaClassImpl.doInvokeMethod(MetaClassImpl.java:1333)
	at groovy.lang.MetaClassImpl.invokeMethod(MetaClassImpl.java:1088)
	at groovy.lang.MetaClassImpl.invokeMethod(MetaClassImpl.java:1007)
	at groovy.lang.MetaClassImpl.invokeMethod(MetaClassImpl.java:790)
	at io.restassured.internal.RequestSpecificationImpl.invokeMethod(RequestSpecificationImpl.groovy)
	at org.codehaus.groovy.runtime.callsite.PogoInterceptableSite.call(PogoInterceptableSite.java:46)
	at org.codehaus.groovy.runtime.callsite.PogoInterceptableSite.callCurrent(PogoInterceptableSite.java:57)
	at org.codehaus.groovy.runtime.callsite.AbstractCallSite.callCurrent(AbstractCallSite.java:203)
	at io.restassured.internal.RequestSpecificationImpl.applyPathParamsAndSendRequest(RequestSpecificationImpl.groovy:1710)
	at io.restassured.internal.RequestSpecificationImpl.this$2$applyPathParamsAndSendRequest(RequestSpecificationImpl.groovy)
	at java.base/java.lang.reflect.Method.invoke(Method.java:565)
	at org.codehaus.groovy.reflection.CachedMethod.invoke(CachedMethod.java:343)
	at groovy.lang.MetaMethod.doMethodInvoke(MetaMethod.java:328)
	at groovy.lang.MetaClassImpl.doInvokeMethod(MetaClassImpl.java:1333)
	at groovy.lang.MetaClassImpl.invokeMethod(MetaClassImpl.java:1088)
	at groovy.lang.MetaClassImpl.invokeMethod(MetaClassImpl.java:1007)
	at groovy.lang.MetaClassImpl.invokeMethod(MetaClassImpl.java:790)
	at io.restassured.internal.RequestSpecificationImpl.invokeMethod(RequestSpecificationImpl.groovy)
	at org.codehaus.groovy.runtime.callsite.PogoInterceptableSite.call(PogoInterceptableSite.java:46)
	at org.codehaus.groovy.runtime.callsite.PogoInterceptableSite.callCurrent(PogoInterceptableSite.java:57)
	at org.codehaus.groovy.runtime.callsite.AbstractCallSite.callCurrent(AbstractCallSite.java:203)
	at io.restassured.internal.RequestSpecificationImpl.post(RequestSpecificationImpl.groovy:176)
	at io.restassured.internal.RequestSpecificationImpl.post(RequestSpecificationImpl.groovy)
	at steps.EmployeeFormSteps.iSubmitEmployeeFormWithTheFollowingData(EmployeeFormSteps.java:64)
	at ✽.I submit employee form with the following data:(classpath:features/employee_form.feature:71)

[ERROR] Employee Form Submission.Submit form with maximum valid name length -- Time elapsed: 0.008 s <<< ERROR!
java.net.ConnectException: Connection refused
	at java.base/sun.nio.ch.Net.connect0(Native Method)
	at java.base/sun.nio.ch.Net.connect(Net.java:535)
	at java.base/sun.nio.ch.Net.connect(Net.java:524)
	at java.base/sun.nio.ch.NioSocketImpl.connect(NioSocketImpl.java:574)
	at java.base/java.net.SocksSocketImpl.connect(SocksSocketImpl.java:282)
	at java.base/java.net.Socket.connect(Socket.java:665)
	at org.apache.http.conn.scheme.PlainSocketFactory.connectSocket(PlainSocketFactory.java:121)
	at org.apache.http.impl.conn.DefaultClientConnectionOperator.openConnection(DefaultClientConnectionOperator.java:180)
	at org.apache.http.impl.conn.ManagedClientConnectionImpl.open(ManagedClientConnectionImpl.java:326)
	at org.apache.http.impl.client.DefaultRequestDirector.tryConnect(DefaultRequestDirector.java:605)
	at org.apache.http.impl.client.DefaultRequestDirector.execute(DefaultRequestDirector.java:440)
	at org.apache.http.impl.client.AbstractHttpClient.doExecute(AbstractHttpClient.java:835)
	at org.apache.http.impl.client.CloseableHttpClient.execute(CloseableHttpClient.java:83)
	at io.restassured.internal.RestAssuredHttpBuilder.doRequest(RestAssuredHttpBuilder.java:141)
	at io.restassured.internal.http.HTTPBuilder.post(HTTPBuilder.java:349)
	at io.restassured.internal.http.HTTPBuilder$post$2.call(Unknown Source)
	at io.restassured.internal.RequestSpecificationImpl.sendRequest(RequestSpecificationImpl.groovy:1209)
	at io.restassured.internal.RequestSpecificationImpl.this$2$sendRequest(RequestSpecificationImpl.groovy)
	at java.base/java.lang.reflect.Method.invoke(Method.java:565)
	at org.codehaus.groovy.reflection.CachedMethod.invoke(CachedMethod.java:343)
	at groovy.lang.MetaMethod.doMethodInvoke(MetaMethod.java:328)
	at groovy.lang.MetaClassImpl.doInvokeMethod(MetaClassImpl.java:1333)
	at groovy.lang.MetaClassImpl.invokeMethod(MetaClassImpl.java:1088)
	at groovy.lang.MetaClassImpl.invokeMethod(MetaClassImpl.java:1007)
	at groovy.lang.MetaClassImpl.invokeMethod(MetaClassImpl.java:790)
	at io.restassured.internal.RequestSpecificationImpl.invokeMethod(RequestSpecificationImpl.groovy)
	at org.codehaus.groovy.runtime.callsite.PogoInterceptableSite.call(PogoInterceptableSite.java:46)
	at org.codehaus.groovy.runtime.callsite.AbstractCallSite.call(AbstractCallSite.java:166)
	at io.restassured.internal.filter.SendRequestFilter.filter(SendRequestFilter.groovy:30)
	at io.restassured.filter.Filter$filter.call(Unknown Source)
	at org.codehaus.groovy.runtime.callsite.CallSiteArray.defaultCall(CallSiteArray.java:45)
	at io.restassured.filter.Filter$filter$0.call(Unknown Source)
	at io.restassured.internal.filter.FilterContextImpl.next(FilterContextImpl.groovy:72)
	at io.restassured.filter.time.TimingFilter.filter(TimingFilter.java:56)
	at io.restassured.filter.Filter$filter$0.call(Unknown Source)
	at org.codehaus.groovy.runtime.callsite.CallSiteArray.defaultCall(CallSiteArray.java:45)
	at io.restassured.filter.Filter$filter.call(Unknown Source)
	at io.restassured.internal.filter.FilterContextImpl.next(FilterContextImpl.groovy:72)
	at io.restassured.filter.FilterContext$next.call(Unknown Source)
	at io.restassured.internal.filter.CsrfFilter.filter(CsrfFilter.groovy:70)
	at io.restassured.filter.Filter$filter.call(Unknown Source)
	at org.codehaus.groovy.runtime.callsite.CallSiteArray.defaultCall(CallSiteArray.java:45)
	at io.restassured.filter.Filter$filter.call(Unknown Source)
	at io.restassured.internal.filter.FilterContextImpl.next(FilterContextImpl.groovy:72)
	at io.restassured.filter.FilterContext$next.call(Unknown Source)
	at io.restassured.internal.RequestSpecificationImpl.applyPathParamsAndSendRequest(RequestSpecificationImpl.groovy:1704)
	at io.restassured.internal.RequestSpecificationImpl.this$2$applyPathParamsAndSendRequest(RequestSpecificationImpl.groovy)
	at java.base/java.lang.reflect.Method.invoke(Method.java:565)
	at org.codehaus.groovy.reflection.CachedMethod.invoke(CachedMethod.java:343)
	at groovy.lang.MetaMethod.doMethodInvoke(MetaMethod.java:328)
	at groovy.lang.MetaClassImpl.doInvokeMethod(MetaClassImpl.java:1333)
	at groovy.lang.MetaClassImpl.invokeMethod(MetaClassImpl.java:1088)
	at groovy.lang.MetaClassImpl.invokeMethod(MetaClassImpl.java:1007)
	at groovy.lang.MetaClassImpl.invokeMethod(MetaClassImpl.java:790)
	at io.restassured.internal.RequestSpecificationImpl.invokeMethod(RequestSpecificationImpl.groovy)
	at org.codehaus.groovy.runtime.callsite.PogoInterceptableSite.call(PogoInterceptableSite.java:46)
	at org.codehaus.groovy.runtime.callsite.PogoInterceptableSite.callCurrent(PogoInterceptableSite.java:57)
	at org.codehaus.groovy.runtime.callsite.AbstractCallSite.callCurrent(AbstractCallSite.java:203)
	at io.restassured.internal.RequestSpecificationImpl.applyPathParamsAndSendRequest(RequestSpecificationImpl.groovy:1710)
	at io.restassured.internal.RequestSpecificationImpl.this$2$applyPathParamsAndSendRequest(RequestSpecificationImpl.groovy)
	at java.base/java.lang.reflect.Method.invoke(Method.java:565)
	at org.codehaus.groovy.reflection.CachedMethod.invoke(CachedMethod.java:343)
	at groovy.lang.MetaMethod.doMethodInvoke(MetaMethod.java:328)
	at groovy.lang.MetaClassImpl.doInvokeMethod(MetaClassImpl.java:1333)
	at groovy.lang.MetaClassImpl.invokeMethod(MetaClassImpl.java:1088)
	at groovy.lang.MetaClassImpl.invokeMethod(MetaClassImpl.java:1007)
	at groovy.lang.MetaClassImpl.invokeMethod(MetaClassImpl.java:790)
	at io.restassured.internal.RequestSpecificationImpl.invokeMethod(RequestSpecificationImpl.groovy)
	at org.codehaus.groovy.runtime.callsite.PogoInterceptableSite.call(PogoInterceptableSite.java:46)
	at org.codehaus.groovy.runtime.callsite.PogoInterceptableSite.callCurrent(PogoInterceptableSite.java:57)
	at org.codehaus.groovy.runtime.callsite.AbstractCallSite.callCurrent(AbstractCallSite.java:203)
	at io.restassured.internal.RequestSpecificationImpl.post(RequestSpecificationImpl.groovy:176)
	at io.restassured.internal.RequestSpecificationImpl.post(RequestSpecificationImpl.groovy)
	at steps.EmployeeFormSteps.iSubmitEmployeeFormWithTheFollowingData(EmployeeFormSteps.java:64)
	at ✽.I submit employee form with the following data:(classpath:features/employee_form.feature:82)

[ERROR] Examples.Example #1.1 -- Time elapsed: 0.007 s <<< ERROR!
java.net.ConnectException: Connection refused
	at java.base/sun.nio.ch.Net.connect0(Native Method)
	at java.base/sun.nio.ch.Net.connect(Net.java:535)
	at java.base/sun.nio.ch.Net.connect(Net.java:524)
	at java.base/sun.nio.ch.NioSocketImpl.connect(NioSocketImpl.java:574)
	at java.base/java.net.SocksSocketImpl.connect(SocksSocketImpl.java:282)
	at java.base/java.net.Socket.connect(Socket.java:665)
	at org.apache.http.conn.scheme.PlainSocketFactory.connectSocket(PlainSocketFactory.java:121)
	at org.apache.http.impl.conn.DefaultClientConnectionOperator.openConnection(DefaultClientConnectionOperator.java:180)
	at org.apache.http.impl.conn.ManagedClientConnectionImpl.open(ManagedClientConnectionImpl.java:326)
	at org.apache.http.impl.client.DefaultRequestDirector.tryConnect(DefaultRequestDirector.java:605)
	at org.apache.http.impl.client.DefaultRequestDirector.execute(DefaultRequestDirector.java:440)
	at org.apache.http.impl.client.AbstractHttpClient.doExecute(AbstractHttpClient.java:835)
	at org.apache.http.impl.client.CloseableHttpClient.execute(CloseableHttpClient.java:83)
	at io.restassured.internal.RestAssuredHttpBuilder.doRequest(RestAssuredHttpBuilder.java:141)
	at io.restassured.internal.http.HTTPBuilder.post(HTTPBuilder.java:349)
	at io.restassured.internal.http.HTTPBuilder$post$2.call(Unknown Source)
	at io.restassured.internal.RequestSpecificationImpl.sendRequest(RequestSpecificationImpl.groovy:1209)
	at io.restassured.internal.RequestSpecificationImpl.this$2$sendRequest(RequestSpecificationImpl.groovy)
	at java.base/java.lang.reflect.Method.invoke(Method.java:565)
	at org.codehaus.groovy.reflection.CachedMethod.invoke(CachedMethod.java:343)
	at groovy.lang.MetaMethod.doMethodInvoke(MetaMethod.java:328)
	at groovy.lang.MetaClassImpl.doInvokeMethod(MetaClassImpl.java:1333)
	at groovy.lang.MetaClassImpl.invokeMethod(MetaClassImpl.java:1088)
	at groovy.lang.MetaClassImpl.invokeMethod(MetaClassImpl.java:1007)
	at groovy.lang.MetaClassImpl.invokeMethod(MetaClassImpl.java:790)
	at io.restassured.internal.RequestSpecificationImpl.invokeMethod(RequestSpecificationImpl.groovy)
	at org.codehaus.groovy.runtime.callsite.PogoInterceptableSite.call(PogoInterceptableSite.java:46)
	at org.codehaus.groovy.runtime.callsite.AbstractCallSite.call(AbstractCallSite.java:166)
	at io.restassured.internal.filter.SendRequestFilter.filter(SendRequestFilter.groovy:30)
	at io.restassured.filter.Filter$filter.call(Unknown Source)
	at org.codehaus.groovy.runtime.callsite.CallSiteArray.defaultCall(CallSiteArray.java:45)
	at io.restassured.filter.Filter$filter$0.call(Unknown Source)
	at io.restassured.internal.filter.FilterContextImpl.next(FilterContextImpl.groovy:72)
	at io.restassured.filter.time.TimingFilter.filter(TimingFilter.java:56)
	at io.restassured.filter.Filter$filter$0.call(Unknown Source)
	at org.codehaus.groovy.runtime.callsite.CallSiteArray.defaultCall(CallSiteArray.java:45)
	at io.restassured.filter.Filter$filter.call(Unknown Source)
	at io.restassured.internal.filter.FilterContextImpl.next(FilterContextImpl.groovy:72)
	at io.restassured.filter.FilterContext$next.call(Unknown Source)
	at io.restassured.internal.filter.CsrfFilter.filter(CsrfFilter.groovy:70)
	at io.restassured.filter.Filter$filter.call(Unknown Source)
	at org.codehaus.groovy.runtime.callsite.CallSiteArray.defaultCall(CallSiteArray.java:45)
	at io.restassured.filter.Filter$filter.call(Unknown Source)
	at io.restassured.internal.filter.FilterContextImpl.next(FilterContextImpl.groovy:72)
	at io.restassured.filter.FilterContext$next.call(Unknown Source)
	at io.restassured.internal.RequestSpecificationImpl.applyPathParamsAndSendRequest(RequestSpecificationImpl.groovy:1704)
	at io.restassured.internal.RequestSpecificationImpl.this$2$applyPathParamsAndSendRequest(RequestSpecificationImpl.groovy)
	at java.base/java.lang.reflect.Method.invoke(Method.java:565)
	at org.codehaus.groovy.reflection.CachedMethod.invoke(CachedMethod.java:343)
	at groovy.lang.MetaMethod.doMethodInvoke(MetaMethod.java:328)
	at groovy.lang.MetaClassImpl.doInvokeMethod(MetaClassImpl.java:1333)
	at groovy.lang.MetaClassImpl.invokeMethod(MetaClassImpl.java:1088)
	at groovy.lang.MetaClassImpl.invokeMethod(MetaClassImpl.java:1007)
	at groovy.lang.MetaClassImpl.invokeMethod(MetaClassImpl.java:790)
	at io.restassured.internal.RequestSpecificationImpl.invokeMethod(RequestSpecificationImpl.groovy)
	at org.codehaus.groovy.runtime.callsite.PogoInterceptableSite.call(PogoInterceptableSite.java:46)
	at org.codehaus.groovy.runtime.callsite.PogoInterceptableSite.callCurrent(PogoInterceptableSite.java:57)
	at org.codehaus.groovy.runtime.callsite.AbstractCallSite.callCurrent(AbstractCallSite.java:203)
	at io.restassured.internal.RequestSpecificationImpl.applyPathParamsAndSendRequest(RequestSpecificationImpl.groovy:1710)
	at io.restassured.internal.RequestSpecificationImpl.this$2$applyPathParamsAndSendRequest(RequestSpecificationImpl.groovy)
	at java.base/java.lang.reflect.Method.invoke(Method.java:565)
	at org.codehaus.groovy.reflection.CachedMethod.invoke(CachedMethod.java:343)
	at groovy.lang.MetaMethod.doMethodInvoke(MetaMethod.java:328)
	at groovy.lang.MetaClassImpl.doInvokeMethod(MetaClassImpl.java:1333)
	at groovy.lang.MetaClassImpl.invokeMethod(MetaClassImpl.java:1088)
	at groovy.lang.MetaClassImpl.invokeMethod(MetaClassImpl.java:1007)
	at groovy.lang.MetaClassImpl.invokeMethod(MetaClassImpl.java:790)
	at io.restassured.internal.RequestSpecificationImpl.invokeMethod(RequestSpecificationImpl.groovy)
	at org.codehaus.groovy.runtime.callsite.PogoInterceptableSite.call(PogoInterceptableSite.java:46)
	at org.codehaus.groovy.runtime.callsite.PogoInterceptableSite.callCurrent(PogoInterceptableSite.java:57)
	at org.codehaus.groovy.runtime.callsite.AbstractCallSite.callCurrent(AbstractCallSite.java:203)
	at io.restassured.internal.RequestSpecificationImpl.post(RequestSpecificationImpl.groovy:176)
	at io.restassured.internal.RequestSpecificationImpl.post(RequestSpecificationImpl.groovy)
	at steps.EmployeeFormSteps.iSubmitEmployeeFormWithTheFollowingData(EmployeeFormSteps.java:64)
	at ✽.I submit employee form with the following data:(classpath:features/employee_form.feature:93)

[ERROR] Examples.Example #1.2 -- Time elapsed: 0.010 s <<< ERROR!
java.net.ConnectException: Connection refused
	at java.base/sun.nio.ch.Net.connect0(Native Method)
	at java.base/sun.nio.ch.Net.connect(Net.java:535)
	at java.base/sun.nio.ch.Net.connect(Net.java:524)
	at java.base/sun.nio.ch.NioSocketImpl.connect(NioSocketImpl.java:574)
	at java.base/java.net.SocksSocketImpl.connect(SocksSocketImpl.java:282)
	at java.base/java.net.Socket.connect(Socket.java:665)
	at org.apache.http.conn.scheme.PlainSocketFactory.connectSocket(PlainSocketFactory.java:121)
	at org.apache.http.impl.conn.DefaultClientConnectionOperator.openConnection(DefaultClientConnectionOperator.java:180)
	at org.apache.http.impl.conn.ManagedClientConnectionImpl.open(ManagedClientConnectionImpl.java:326)
	at org.apache.http.impl.client.DefaultRequestDirector.tryConnect(DefaultRequestDirector.java:605)
	at org.apache.http.impl.client.DefaultRequestDirector.execute(DefaultRequestDirector.java:440)
	at org.apache.http.impl.client.AbstractHttpClient.doExecute(AbstractHttpClient.java:835)
	at org.apache.http.impl.client.CloseableHttpClient.execute(CloseableHttpClient.java:83)
	at io.restassured.internal.RestAssuredHttpBuilder.doRequest(RestAssuredHttpBuilder.java:141)
	at io.restassured.internal.http.HTTPBuilder.post(HTTPBuilder.java:349)
	at io.restassured.internal.http.HTTPBuilder$post$2.call(Unknown Source)
	at io.restassured.internal.RequestSpecificationImpl.sendRequest(RequestSpecificationImpl.groovy:1209)
	at io.restassured.internal.RequestSpecificationImpl.this$2$sendRequest(RequestSpecificationImpl.groovy)
	at java.base/java.lang.reflect.Method.invoke(Method.java:565)
	at org.codehaus.groovy.reflection.CachedMethod.invoke(CachedMethod.java:343)
	at groovy.lang.MetaMethod.doMethodInvoke(MetaMethod.java:328)
	at groovy.lang.MetaClassImpl.doInvokeMethod(MetaClassImpl.java:1333)
	at groovy.lang.MetaClassImpl.invokeMethod(MetaClassImpl.java:1088)
	at groovy.lang.MetaClassImpl.invokeMethod(MetaClassImpl.java:1007)
	at groovy.lang.MetaClassImpl.invokeMethod(MetaClassImpl.java:790)
	at io.restassured.internal.RequestSpecificationImpl.invokeMethod(RequestSpecificationImpl.groovy)
	at org.codehaus.groovy.runtime.callsite.PogoInterceptableSite.call(PogoInterceptableSite.java:46)
	at org.codehaus.groovy.runtime.callsite.AbstractCallSite.call(AbstractCallSite.java:166)
	at io.restassured.internal.filter.SendRequestFilter.filter(SendRequestFilter.groovy:30)
	at io.restassured.filter.Filter$filter.call(Unknown Source)
	at org.codehaus.groovy.runtime.callsite.CallSiteArray.defaultCall(CallSiteArray.java:45)
	at io.restassured.filter.Filter$filter$0.call(Unknown Source)
	at io.restassured.internal.filter.FilterContextImpl.next(FilterContextImpl.groovy:72)
	at io.restassured.filter.time.TimingFilter.filter(TimingFilter.java:56)
	at io.restassured.filter.Filter$filter$0.call(Unknown Source)
	at org.codehaus.groovy.runtime.callsite.CallSiteArray.defaultCall(CallSiteArray.java:45)
	at io.restassured.filter.Filter$filter.call(Unknown Source)
	at io.restassured.internal.filter.FilterContextImpl.next(FilterContextImpl.groovy:72)
	at io.restassured.filter.FilterContext$next.call(Unknown Source)
	at io.restassured.internal.filter.CsrfFilter.filter(CsrfFilter.groovy:70)
	at io.restassured.filter.Filter$filter.call(Unknown Source)
	at org.codehaus.groovy.runtime.callsite.CallSiteArray.defaultCall(CallSiteArray.java:45)
	at io.restassured.filter.Filter$filter.call(Unknown Source)
	at io.restassured.internal.filter.FilterContextImpl.next(FilterContextImpl.groovy:72)
	at io.restassured.filter.FilterContext$next.call(Unknown Source)
	at io.restassured.internal.RequestSpecificationImpl.applyPathParamsAndSendRequest(RequestSpecificationImpl.groovy:1704)
	at io.restassured.internal.RequestSpecificationImpl.this$2$applyPathParamsAndSendRequest(RequestSpecificationImpl.groovy)
	at java.base/java.lang.reflect.Method.invoke(Method.java:565)
	at org.codehaus.groovy.reflection.CachedMethod.invoke(CachedMethod.java:343)
	at groovy.lang.MetaMethod.doMethodInvoke(MetaMethod.java:328)
	at groovy.lang.MetaClassImpl.doInvokeMethod(MetaClassImpl.java:1333)
	at groovy.lang.MetaClassImpl.invokeMethod(MetaClassImpl.java:1088)
	at groovy.lang.MetaClassImpl.invokeMethod(MetaClassImpl.java:1007)
	at groovy.lang.MetaClassImpl.invokeMethod(MetaClassImpl.java:790)
	at io.restassured.internal.RequestSpecificationImpl.invokeMethod(RequestSpecificationImpl.groovy)
	at org.codehaus.groovy.runtime.callsite.PogoInterceptableSite.call(PogoInterceptableSite.java:46)
	at org.codehaus.groovy.runtime.callsite.PogoInterceptableSite.callCurrent(PogoInterceptableSite.java:57)
	at org.codehaus.groovy.runtime.callsite.AbstractCallSite.callCurrent(AbstractCallSite.java:203)
	at io.restassured.internal.RequestSpecificationImpl.applyPathParamsAndSendRequest(RequestSpecificationImpl.groovy:1710)
	at io.restassured.internal.RequestSpecificationImpl.this$2$applyPathParamsAndSendRequest(RequestSpecificationImpl.groovy)
	at java.base/java.lang.reflect.Method.invoke(Method.java:565)
	at org.codehaus.groovy.reflection.CachedMethod.invoke(CachedMethod.java:343)
	at groovy.lang.MetaMethod.doMethodInvoke(MetaMethod.java:328)
	at groovy.lang.MetaClassImpl.doInvokeMethod(MetaClassImpl.java:1333)
	at groovy.lang.MetaClassImpl.invokeMethod(MetaClassImpl.java:1088)
	at groovy.lang.MetaClassImpl.invokeMethod(MetaClassImpl.java:1007)
	at groovy.lang.MetaClassImpl.invokeMethod(MetaClassImpl.java:790)
	at io.restassured.internal.RequestSpecificationImpl.invokeMethod(RequestSpecificationImpl.groovy)
	at org.codehaus.groovy.runtime.callsite.PogoInterceptableSite.call(PogoInterceptableSite.java:46)
	at org.codehaus.groovy.runtime.callsite.PogoInterceptableSite.callCurrent(PogoInterceptableSite.java:57)
	at org.codehaus.groovy.runtime.callsite.AbstractCallSite.callCurrent(AbstractCallSite.java:203)
	at io.restassured.internal.RequestSpecificationImpl.post(RequestSpecificationImpl.groovy:176)
	at io.restassured.internal.RequestSpecificationImpl.post(RequestSpecificationImpl.groovy)
	at steps.EmployeeFormSteps.iSubmitEmployeeFormWithTheFollowingData(EmployeeFormSteps.java:64)
	at ✽.I submit employee form with the following data:(classpath:features/employee_form.feature:93)

[ERROR] Examples.Example #1.3 -- Time elapsed: 0.007 s <<< ERROR!
java.net.ConnectException: Connection refused
	at java.base/sun.nio.ch.Net.connect0(Native Method)
	at java.base/sun.nio.ch.Net.connect(Net.java:535)
	at java.base/sun.nio.ch.Net.connect(Net.java:524)
	at java.base/sun.nio.ch.NioSocketImpl.connect(NioSocketImpl.java:574)
	at java.base/java.net.SocksSocketImpl.connect(SocksSocketImpl.java:282)
	at java.base/java.net.Socket.connect(Socket.java:665)
	at org.apache.http.conn.scheme.PlainSocketFactory.connectSocket(PlainSocketFactory.java:121)
	at org.apache.http.impl.conn.DefaultClientConnectionOperator.openConnection(DefaultClientConnectionOperator.java:180)
	at org.apache.http.impl.conn.ManagedClientConnectionImpl.open(ManagedClientConnectionImpl.java:326)
	at org.apache.http.impl.client.DefaultRequestDirector.tryConnect(DefaultRequestDirector.java:605)
	at org.apache.http.impl.client.DefaultRequestDirector.execute(DefaultRequestDirector.java:440)
	at org.apache.http.impl.client.AbstractHttpClient.doExecute(AbstractHttpClient.java:835)
	at org.apache.http.impl.client.CloseableHttpClient.execute(CloseableHttpClient.java:83)
	at io.restassured.internal.RestAssuredHttpBuilder.doRequest(RestAssuredHttpBuilder.java:141)
	at io.restassured.internal.http.HTTPBuilder.post(HTTPBuilder.java:349)
	at io.restassured.internal.http.HTTPBuilder$post$2.call(Unknown Source)
	at io.restassured.internal.RequestSpecificationImpl.sendRequest(RequestSpecificationImpl.groovy:1209)
	at io.restassured.internal.RequestSpecificationImpl.this$2$sendRequest(RequestSpecificationImpl.groovy)
	at java.base/java.lang.reflect.Method.invoke(Method.java:565)
	at org.codehaus.groovy.reflection.CachedMethod.invoke(CachedMethod.java:343)
	at groovy.lang.MetaMethod.doMethodInvoke(MetaMethod.java:328)
	at groovy.lang.MetaClassImpl.doInvokeMethod(MetaClassImpl.java:1333)
	at groovy.lang.MetaClassImpl.invokeMethod(MetaClassImpl.java:1088)
	at groovy.lang.MetaClassImpl.invokeMethod(MetaClassImpl.java:1007)
	at groovy.lang.MetaClassImpl.invokeMethod(MetaClassImpl.java:790)
	at io.restassured.internal.RequestSpecificationImpl.invokeMethod(RequestSpecificationImpl.groovy)
	at org.codehaus.groovy.runtime.callsite.PogoInterceptableSite.call(PogoInterceptableSite.java:46)
	at org.codehaus.groovy.runtime.callsite.AbstractCallSite.call(AbstractCallSite.java:166)
	at io.restassured.internal.filter.SendRequestFilter.filter(SendRequestFilter.groovy:30)
	at io.restassured.filter.Filter$filter.call(Unknown Source)
	at org.codehaus.groovy.runtime.callsite.CallSiteArray.defaultCall(CallSiteArray.java:45)
	at io.restassured.filter.Filter$filter$0.call(Unknown Source)
	at io.restassured.internal.filter.FilterContextImpl.next(FilterContextImpl.groovy:72)
	at io.restassured.filter.time.TimingFilter.filter(TimingFilter.java:56)
	at io.restassured.filter.Filter$filter$0.call(Unknown Source)
	at org.codehaus.groovy.runtime.callsite.CallSiteArray.defaultCall(CallSiteArray.java:45)
	at io.restassured.filter.Filter$filter.call(Unknown Source)
	at io.restassured.internal.filter.FilterContextImpl.next(FilterContextImpl.groovy:72)
	at io.restassured.filter.FilterContext$next.call(Unknown Source)
	at io.restassured.internal.filter.CsrfFilter.filter(CsrfFilter.groovy:70)
	at io.restassured.filter.Filter$filter.call(Unknown Source)
	at org.codehaus.groovy.runtime.callsite.CallSiteArray.defaultCall(CallSiteArray.java:45)
	at io.restassured.filter.Filter$filter.call(Unknown Source)
	at io.restassured.internal.filter.FilterContextImpl.next(FilterContextImpl.groovy:72)
	at io.restassured.filter.FilterContext$next.call(Unknown Source)
	at io.restassured.internal.RequestSpecificationImpl.applyPathParamsAndSendRequest(RequestSpecificationImpl.groovy:1704)
	at io.restassured.internal.RequestSpecificationImpl.this$2$applyPathParamsAndSendRequest(RequestSpecificationImpl.groovy)
	at java.base/java.lang.reflect.Method.invoke(Method.java:565)
	at org.codehaus.groovy.reflection.CachedMethod.invoke(CachedMethod.java:343)
	at groovy.lang.MetaMethod.doMethodInvoke(MetaMethod.java:328)
	at groovy.lang.MetaClassImpl.doInvokeMethod(MetaClassImpl.java:1333)
	at groovy.lang.MetaClassImpl.invokeMethod(MetaClassImpl.java:1088)
	at groovy.lang.MetaClassImpl.invokeMethod(MetaClassImpl.java:1007)
	at groovy.lang.MetaClassImpl.invokeMethod(MetaClassImpl.java:790)
	at io.restassured.internal.RequestSpecificationImpl.invokeMethod(RequestSpecificationImpl.groovy)
	at org.codehaus.groovy.runtime.callsite.PogoInterceptableSite.call(PogoInterceptableSite.java:46)
	at org.codehaus.groovy.runtime.callsite.PogoInterceptableSite.callCurrent(PogoInterceptableSite.java:57)
	at org.codehaus.groovy.runtime.callsite.AbstractCallSite.callCurrent(AbstractCallSite.java:203)
	at io.restassured.internal.RequestSpecificationImpl.applyPathParamsAndSendRequest(RequestSpecificationImpl.groovy:1710)
	at io.restassured.internal.RequestSpecificationImpl.this$2$applyPathParamsAndSendRequest(RequestSpecificationImpl.groovy)
	at java.base/java.lang.reflect.Method.invoke(Method.java:565)
	at org.codehaus.groovy.reflection.CachedMethod.invoke(CachedMethod.java:343)
	at groovy.lang.MetaMethod.doMethodInvoke(MetaMethod.java:328)
	at groovy.lang.MetaClassImpl.doInvokeMethod(MetaClassImpl.java:1333)
	at groovy.lang.MetaClassImpl.invokeMethod(MetaClassImpl.java:1088)
	at groovy.lang.MetaClassImpl.invokeMethod(MetaClassImpl.java:1007)
	at groovy.lang.MetaClassImpl.invokeMethod(MetaClassImpl.java:790)
	at io.restassured.internal.RequestSpecificationImpl.invokeMethod(RequestSpecificationImpl.groovy)
	at org.codehaus.groovy.runtime.callsite.PogoInterceptableSite.call(PogoInterceptableSite.java:46)
	at org.codehaus.groovy.runtime.callsite.PogoInterceptableSite.callCurrent(PogoInterceptableSite.java:57)
	at org.codehaus.groovy.runtime.callsite.AbstractCallSite.callCurrent(AbstractCallSite.java:203)
	at io.restassured.internal.RequestSpecificationImpl.post(RequestSpecificationImpl.groovy:176)
	at io.restassured.internal.RequestSpecificationImpl.post(RequestSpecificationImpl.groovy)
	at steps.EmployeeFormSteps.iSubmitEmployeeFormWithTheFollowingData(EmployeeFormSteps.java:64)
	at ✽.I submit employee form with the following data:(classpath:features/employee_form.feature:93)

[ERROR] Examples.Example #1.4 -- Time elapsed: 0.007 s <<< ERROR!
java.net.ConnectException: Connection refused
	at java.base/sun.nio.ch.Net.connect0(Native Method)
	at java.base/sun.nio.ch.Net.connect(Net.java:535)
	at java.base/sun.nio.ch.Net.connect(Net.java:524)
	at java.base/sun.nio.ch.NioSocketImpl.connect(NioSocketImpl.java:574)
	at java.base/java.net.SocksSocketImpl.connect(SocksSocketImpl.java:282)
	at java.base/java.net.Socket.connect(Socket.java:665)
	at org.apache.http.conn.scheme.PlainSocketFactory.connectSocket(PlainSocketFactory.java:121)
	at org.apache.http.impl.conn.DefaultClientConnectionOperator.openConnection(DefaultClientConnectionOperator.java:180)
	at org.apache.http.impl.conn.ManagedClientConnectionImpl.open(ManagedClientConnectionImpl.java:326)
	at org.apache.http.impl.client.DefaultRequestDirector.tryConnect(DefaultRequestDirector.java:605)
	at org.apache.http.impl.client.DefaultRequestDirector.execute(DefaultRequestDirector.java:440)
	at org.apache.http.impl.client.AbstractHttpClient.doExecute(AbstractHttpClient.java:835)
	at org.apache.http.impl.client.CloseableHttpClient.execute(CloseableHttpClient.java:83)
	at io.restassured.internal.RestAssuredHttpBuilder.doRequest(RestAssuredHttpBuilder.java:141)
	at io.restassured.internal.http.HTTPBuilder.post(HTTPBuilder.java:349)
	at io.restassured.internal.http.HTTPBuilder$post$2.call(Unknown Source)
	at io.restassured.internal.RequestSpecificationImpl.sendRequest(RequestSpecificationImpl.groovy:1209)
	at io.restassured.internal.RequestSpecificationImpl.this$2$sendRequest(RequestSpecificationImpl.groovy)
	at java.base/java.lang.reflect.Method.invoke(Method.java:565)
	at org.codehaus.groovy.reflection.CachedMethod.invoke(CachedMethod.java:343)
	at groovy.lang.MetaMethod.doMethodInvoke(MetaMethod.java:328)
	at groovy.lang.MetaClassImpl.doInvokeMethod(MetaClassImpl.java:1333)
	at groovy.lang.MetaClassImpl.invokeMethod(MetaClassImpl.java:1088)
	at groovy.lang.MetaClassImpl.invokeMethod(MetaClassImpl.java:1007)
	at groovy.lang.MetaClassImpl.invokeMethod(MetaClassImpl.java:790)
	at io.restassured.internal.RequestSpecificationImpl.invokeMethod(RequestSpecificationImpl.groovy)
	at org.codehaus.groovy.runtime.callsite.PogoInterceptableSite.call(PogoInterceptableSite.java:46)
	at org.codehaus.groovy.runtime.callsite.AbstractCallSite.call(AbstractCallSite.java:166)
	at io.restassured.internal.filter.SendRequestFilter.filter(SendRequestFilter.groovy:30)
	at io.restassured.filter.Filter$filter.call(Unknown Source)
	at org.codehaus.groovy.runtime.callsite.CallSiteArray.defaultCall(CallSiteArray.java:45)
	at io.restassured.filter.Filter$filter$0.call(Unknown Source)
	at io.restassured.internal.filter.FilterContextImpl.next(FilterContextImpl.groovy:72)
	at io.restassured.filter.time.TimingFilter.filter(TimingFilter.java:56)
	at io.restassured.filter.Filter$filter$0.call(Unknown Source)
	at org.codehaus.groovy.runtime.callsite.CallSiteArray.defaultCall(CallSiteArray.java:45)
	at io.restassured.filter.Filter$filter.call(Unknown Source)
	at io.restassured.internal.filter.FilterContextImpl.next(FilterContextImpl.groovy:72)
	at io.restassured.filter.FilterContext$next.call(Unknown Source)
	at io.restassured.internal.filter.CsrfFilter.filter(CsrfFilter.groovy:70)
	at io.restassured.filter.Filter$filter.call(Unknown Source)
	at org.codehaus.groovy.runtime.callsite.CallSiteArray.defaultCall(CallSiteArray.java:45)
	at io.restassured.filter.Filter$filter.call(Unknown Source)
	at io.restassured.internal.filter.FilterContextImpl.next(FilterContextImpl.groovy:72)
	at io.restassured.filter.FilterContext$next.call(Unknown Source)
	at io.restassured.internal.RequestSpecificationImpl.applyPathParamsAndSendRequest(RequestSpecificationImpl.groovy:1704)
	at io.restassured.internal.RequestSpecificationImpl.this$2$applyPathParamsAndSendRequest(RequestSpecificationImpl.groovy)
	at java.base/java.lang.reflect.Method.invoke(Method.java:565)
	at org.codehaus.groovy.reflection.CachedMethod.invoke(CachedMethod.java:343)
	at groovy.lang.MetaMethod.doMethodInvoke(MetaMethod.java:328)
	at groovy.lang.MetaClassImpl.doInvokeMethod(MetaClassImpl.java:1333)
	at groovy.lang.MetaClassImpl.invokeMethod(MetaClassImpl.java:1088)
	at groovy.lang.MetaClassImpl.invokeMethod(MetaClassImpl.java:1007)
	at groovy.lang.MetaClassImpl.invokeMethod(MetaClassImpl.java:790)
	at io.restassured.internal.RequestSpecificationImpl.invokeMethod(RequestSpecificationImpl.groovy)
	at org.codehaus.groovy.runtime.callsite.PogoInterceptableSite.call(PogoInterceptableSite.java:46)
	at org.codehaus.groovy.runtime.callsite.PogoInterceptableSite.callCurrent(PogoInterceptableSite.java:57)
	at org.codehaus.groovy.runtime.callsite.AbstractCallSite.callCurrent(AbstractCallSite.java:203)
	at io.restassured.internal.RequestSpecificationImpl.applyPathParamsAndSendRequest(RequestSpecificationImpl.groovy:1710)
	at io.restassured.internal.RequestSpecificationImpl.this$2$applyPathParamsAndSendRequest(RequestSpecificationImpl.groovy)
	at java.base/java.lang.reflect.Method.invoke(Method.java:565)
	at org.codehaus.groovy.reflection.CachedMethod.invoke(CachedMethod.java:343)
	at groovy.lang.MetaMethod.doMethodInvoke(MetaMethod.java:328)
	at groovy.lang.MetaClassImpl.doInvokeMethod(MetaClassImpl.java:1333)
	at groovy.lang.MetaClassImpl.invokeMethod(MetaClassImpl.java:1088)
	at groovy.lang.MetaClassImpl.invokeMethod(MetaClassImpl.java:1007)
	at groovy.lang.MetaClassImpl.invokeMethod(MetaClassImpl.java:790)
	at io.restassured.internal.RequestSpecificationImpl.invokeMethod(RequestSpecificationImpl.groovy)
	at org.codehaus.groovy.runtime.callsite.PogoInterceptableSite.call(PogoInterceptableSite.java:46)
	at org.codehaus.groovy.runtime.callsite.PogoInterceptableSite.callCurrent(PogoInterceptableSite.java:57)
	at org.codehaus.groovy.runtime.callsite.AbstractCallSite.callCurrent(AbstractCallSite.java:203)
	at io.restassured.internal.RequestSpecificationImpl.post(RequestSpecificationImpl.groovy:176)
	at io.restassured.internal.RequestSpecificationImpl.post(RequestSpecificationImpl.groovy)
	at steps.EmployeeFormSteps.iSubmitEmployeeFormWithTheFollowingData(EmployeeFormSteps.java:64)
	at ✽.I submit employee form with the following data:(classpath:features/employee_form.feature:93)

[ERROR] Examples.Example #1.5 -- Time elapsed: 0.007 s <<< ERROR!
java.net.ConnectException: Connection refused
	at java.base/sun.nio.ch.Net.connect0(Native Method)
	at java.base/sun.nio.ch.Net.connect(Net.java:535)
	at java.base/sun.nio.ch.Net.connect(Net.java:524)
	at java.base/sun.nio.ch.NioSocketImpl.connect(NioSocketImpl.java:574)
	at java.base/java.net.SocksSocketImpl.connect(SocksSocketImpl.java:282)
	at java.base/java.net.Socket.connect(Socket.java:665)
	at org.apache.http.conn.scheme.PlainSocketFactory.connectSocket(PlainSocketFactory.java:121)
	at org.apache.http.impl.conn.DefaultClientConnectionOperator.openConnection(DefaultClientConnectionOperator.java:180)
	at org.apache.http.impl.conn.ManagedClientConnectionImpl.open(ManagedClientConnectionImpl.java:326)
	at org.apache.http.impl.client.DefaultRequestDirector.tryConnect(DefaultRequestDirector.java:605)
	at org.apache.http.impl.client.DefaultRequestDirector.execute(DefaultRequestDirector.java:440)
	at org.apache.http.impl.client.AbstractHttpClient.doExecute(AbstractHttpClient.java:835)
	at org.apache.http.impl.client.CloseableHttpClient.execute(CloseableHttpClient.java:83)
	at io.restassured.internal.RestAssuredHttpBuilder.doRequest(RestAssuredHttpBuilder.java:141)
	at io.restassured.internal.http.HTTPBuilder.post(HTTPBuilder.java:349)
	at io.restassured.internal.http.HTTPBuilder$post$2.call(Unknown Source)
	at io.restassured.internal.RequestSpecificationImpl.sendRequest(RequestSpecificationImpl.groovy:1209)
	at io.restassured.internal.RequestSpecificationImpl.this$2$sendRequest(RequestSpecificationImpl.groovy)
	at java.base/java.lang.reflect.Method.invoke(Method.java:565)
	at org.codehaus.groovy.reflection.CachedMethod.invoke(CachedMethod.java:343)
	at groovy.lang.MetaMethod.doMethodInvoke(MetaMethod.java:328)
	at groovy.lang.MetaClassImpl.doInvokeMethod(MetaClassImpl.java:1333)
	at groovy.lang.MetaClassImpl.invokeMethod(MetaClassImpl.java:1088)
	at groovy.lang.MetaClassImpl.invokeMethod(MetaClassImpl.java:1007)
	at groovy.lang.MetaClassImpl.invokeMethod(MetaClassImpl.java:790)
	at io.restassured.internal.RequestSpecificationImpl.invokeMethod(RequestSpecificationImpl.groovy)
	at org.codehaus.groovy.runtime.callsite.PogoInterceptableSite.call(PogoInterceptableSite.java:46)
	at org.codehaus.groovy.runtime.callsite.AbstractCallSite.call(AbstractCallSite.java:166)
	at io.restassured.internal.filter.SendRequestFilter.filter(SendRequestFilter.groovy:30)
	at io.restassured.filter.Filter$filter.call(Unknown Source)
	at org.codehaus.groovy.runtime.callsite.CallSiteArray.defaultCall(CallSiteArray.java:45)
	at io.restassured.filter.Filter$filter$0.call(Unknown Source)
	at io.restassured.internal.filter.FilterContextImpl.next(FilterContextImpl.groovy:72)
	at io.restassured.filter.time.TimingFilter.filter(TimingFilter.java:56)
	at io.restassured.filter.Filter$filter$0.call(Unknown Source)
	at org.codehaus.groovy.runtime.callsite.CallSiteArray.defaultCall(CallSiteArray.java:45)
	at io.restassured.filter.Filter$filter.call(Unknown Source)
	at io.restassured.internal.filter.FilterContextImpl.next(FilterContextImpl.groovy:72)
	at io.restassured.filter.FilterContext$next.call(Unknown Source)
	at io.restassured.internal.filter.CsrfFilter.filter(CsrfFilter.groovy:70)
	at io.restassured.filter.Filter$filter.call(Unknown Source)
	at org.codehaus.groovy.runtime.callsite.CallSiteArray.defaultCall(CallSiteArray.java:45)
	at io.restassured.filter.Filter$filter.call(Unknown Source)
	at io.restassured.internal.filter.FilterContextImpl.next(FilterContextImpl.groovy:72)
	at io.restassured.filter.FilterContext$next.call(Unknown Source)
	at io.restassured.internal.RequestSpecificationImpl.applyPathParamsAndSendRequest(RequestSpecificationImpl.groovy:1704)
	at io.restassured.internal.RequestSpecificationImpl.this$2$applyPathParamsAndSendRequest(RequestSpecificationImpl.groovy)
	at java.base/java.lang.reflect.Method.invoke(Method.java:565)
	at org.codehaus.groovy.reflection.CachedMethod.invoke(CachedMethod.java:343)
	at groovy.lang.MetaMethod.doMethodInvoke(MetaMethod.java:328)
	at groovy.lang.MetaClassImpl.doInvokeMethod(MetaClassImpl.java:1333)
	at groovy.lang.MetaClassImpl.invokeMethod(MetaClassImpl.java:1088)
	at groovy.lang.MetaClassImpl.invokeMethod(MetaClassImpl.java:1007)
	at groovy.lang.MetaClassImpl.invokeMethod(MetaClassImpl.java:790)
	at io.restassured.internal.RequestSpecificationImpl.invokeMethod(RequestSpecificationImpl.groovy)
	at org.codehaus.groovy.runtime.callsite.PogoInterceptableSite.call(PogoInterceptableSite.java:46)
	at org.codehaus.groovy.runtime.callsite.PogoInterceptableSite.callCurrent(PogoInterceptableSite.java:57)
	at org.codehaus.groovy.runtime.callsite.AbstractCallSite.callCurrent(AbstractCallSite.java:203)
	at io.restassured.internal.RequestSpecificationImpl.applyPathParamsAndSendRequest(RequestSpecificationImpl.groovy:1710)
	at io.restassured.internal.RequestSpecificationImpl.this$2$applyPathParamsAndSendRequest(RequestSpecificationImpl.groovy)
	at java.base/java.lang.reflect.Method.invoke(Method.java:565)
	at org.codehaus.groovy.reflection.CachedMethod.invoke(CachedMethod.java:343)
	at groovy.lang.MetaMethod.doMethodInvoke(MetaMethod.java:328)
	at groovy.lang.MetaClassImpl.doInvokeMethod(MetaClassImpl.java:1333)
	at groovy.lang.MetaClassImpl.invokeMethod(MetaClassImpl.java:1088)
	at groovy.lang.MetaClassImpl.invokeMethod(MetaClassImpl.java:1007)
	at groovy.lang.MetaClassImpl.invokeMethod(MetaClassImpl.java:790)
	at io.restassured.internal.RequestSpecificationImpl.invokeMethod(RequestSpecificationImpl.groovy)
	at org.codehaus.groovy.runtime.callsite.PogoInterceptableSite.call(PogoInterceptableSite.java:46)
	at org.codehaus.groovy.runtime.callsite.PogoInterceptableSite.callCurrent(PogoInterceptableSite.java:57)
	at org.codehaus.groovy.runtime.callsite.AbstractCallSite.callCurrent(AbstractCallSite.java:203)
	at io.restassured.internal.RequestSpecificationImpl.post(RequestSpecificationImpl.groovy:176)
	at io.restassured.internal.RequestSpecificationImpl.post(RequestSpecificationImpl.groovy)
	at steps.EmployeeFormSteps.iSubmitEmployeeFormWithTheFollowingData(EmployeeFormSteps.java:64)
	at ✽.I submit employee form with the following data:(classpath:features/employee_form.feature:93)

[ERROR] Employee Form Submission.Complete employee registration workflow -- Time elapsed: 0.007 s <<< ERROR!
java.net.ConnectException: Connection refused
	at java.base/sun.nio.ch.Net.connect0(Native Method)
	at java.base/sun.nio.ch.Net.connect(Net.java:535)
	at java.base/sun.nio.ch.Net.connect(Net.java:524)
	at java.base/sun.nio.ch.NioSocketImpl.connect(NioSocketImpl.java:574)
	at java.base/java.net.SocksSocketImpl.connect(SocksSocketImpl.java:282)
	at java.base/java.net.Socket.connect(Socket.java:665)
	at org.apache.http.conn.scheme.PlainSocketFactory.connectSocket(PlainSocketFactory.java:121)
	at org.apache.http.impl.conn.DefaultClientConnectionOperator.openConnection(DefaultClientConnectionOperator.java:180)
	at org.apache.http.impl.conn.ManagedClientConnectionImpl.open(ManagedClientConnectionImpl.java:326)
	at org.apache.http.impl.client.DefaultRequestDirector.tryConnect(DefaultRequestDirector.java:605)
	at org.apache.http.impl.client.DefaultRequestDirector.execute(DefaultRequestDirector.java:440)
	at org.apache.http.impl.client.AbstractHttpClient.doExecute(AbstractHttpClient.java:835)
	at org.apache.http.impl.client.CloseableHttpClient.execute(CloseableHttpClient.java:83)
	at io.restassured.internal.RestAssuredHttpBuilder.doRequest(RestAssuredHttpBuilder.java:141)
	at io.restassured.internal.http.HTTPBuilder.post(HTTPBuilder.java:349)
	at io.restassured.internal.http.HTTPBuilder$post$2.call(Unknown Source)
	at io.restassured.internal.RequestSpecificationImpl.sendRequest(RequestSpecificationImpl.groovy:1209)
	at io.restassured.internal.RequestSpecificationImpl.this$2$sendRequest(RequestSpecificationImpl.groovy)
	at java.base/java.lang.reflect.Method.invoke(Method.java:565)
	at org.codehaus.groovy.reflection.CachedMethod.invoke(CachedMethod.java:343)
	at groovy.lang.MetaMethod.doMethodInvoke(MetaMethod.java:328)
	at groovy.lang.MetaClassImpl.doInvokeMethod(MetaClassImpl.java:1333)
	at groovy.lang.MetaClassImpl.invokeMethod(MetaClassImpl.java:1088)
	at groovy.lang.MetaClassImpl.invokeMethod(MetaClassImpl.java:1007)
	at groovy.lang.MetaClassImpl.invokeMethod(MetaClassImpl.java:790)
	at io.restassured.internal.RequestSpecificationImpl.invokeMethod(RequestSpecificationImpl.groovy)
	at org.codehaus.groovy.runtime.callsite.PogoInterceptableSite.call(PogoInterceptableSite.java:46)
	at org.codehaus.groovy.runtime.callsite.AbstractCallSite.call(AbstractCallSite.java:166)
	at io.restassured.internal.filter.SendRequestFilter.filter(SendRequestFilter.groovy:30)
	at io.restassured.filter.Filter$filter.call(Unknown Source)
	at org.codehaus.groovy.runtime.callsite.CallSiteArray.defaultCall(CallSiteArray.java:45)
	at io.restassured.filter.Filter$filter$0.call(Unknown Source)
	at io.restassured.internal.filter.FilterContextImpl.next(FilterContextImpl.groovy:72)
	at io.restassured.filter.time.TimingFilter.filter(TimingFilter.java:56)
	at io.restassured.filter.Filter$filter$0.call(Unknown Source)
	at org.codehaus.groovy.runtime.callsite.CallSiteArray.defaultCall(CallSiteArray.java:45)
	at io.restassured.filter.Filter$filter.call(Unknown Source)
	at io.restassured.internal.filter.FilterContextImpl.next(FilterContextImpl.groovy:72)
	at io.restassured.filter.FilterContext$next.call(Unknown Source)
	at io.restassured.internal.filter.CsrfFilter.filter(CsrfFilter.groovy:70)
	at io.restassured.filter.Filter$filter.call(Unknown Source)
	at org.codehaus.groovy.runtime.callsite.CallSiteArray.defaultCall(CallSiteArray.java:45)
	at io.restassured.filter.Filter$filter.call(Unknown Source)
	at io.restassured.internal.filter.FilterContextImpl.next(FilterContextImpl.groovy:72)
	at io.restassured.filter.FilterContext$next.call(Unknown Source)
	at io.restassured.internal.RequestSpecificationImpl.applyPathParamsAndSendRequest(RequestSpecificationImpl.groovy:1704)
	at io.restassured.internal.RequestSpecificationImpl.this$2$applyPathParamsAndSendRequest(RequestSpecificationImpl.groovy)
	at java.base/java.lang.reflect.Method.invoke(Method.java:565)
	at org.codehaus.groovy.reflection.CachedMethod.invoke(CachedMethod.java:343)
	at groovy.lang.MetaMethod.doMethodInvoke(MetaMethod.java:328)
	at groovy.lang.MetaClassImpl.doInvokeMethod(MetaClassImpl.java:1333)
	at groovy.lang.MetaClassImpl.invokeMethod(MetaClassImpl.java:1088)
	at groovy.lang.MetaClassImpl.invokeMethod(MetaClassImpl.java:1007)
	at groovy.lang.MetaClassImpl.invokeMethod(MetaClassImpl.java:790)
	at io.restassured.internal.RequestSpecificationImpl.invokeMethod(RequestSpecificationImpl.groovy)
	at org.codehaus.groovy.runtime.callsite.PogoInterceptableSite.call(PogoInterceptableSite.java:46)
	at org.codehaus.groovy.runtime.callsite.PogoInterceptableSite.callCurrent(PogoInterceptableSite.java:57)
	at org.codehaus.groovy.runtime.callsite.AbstractCallSite.callCurrent(AbstractCallSite.java:203)
	at io.restassured.internal.RequestSpecificationImpl.applyPathParamsAndSendRequest(RequestSpecificationImpl.groovy:1710)
	at io.restassured.internal.RequestSpecificationImpl.this$2$applyPathParamsAndSendRequest(RequestSpecificationImpl.groovy)
	at java.base/java.lang.reflect.Method.invoke(Method.java:565)
	at org.codehaus.groovy.reflection.CachedMethod.invoke(CachedMethod.java:343)
	at groovy.lang.MetaMethod.doMethodInvoke(MetaMethod.java:328)
	at groovy.lang.MetaClassImpl.doInvokeMethod(MetaClassImpl.java:1333)
	at groovy.lang.MetaClassImpl.invokeMethod(MetaClassImpl.java:1088)
	at groovy.lang.MetaClassImpl.invokeMethod(MetaClassImpl.java:1007)
	at groovy.lang.MetaClassImpl.invokeMethod(MetaClassImpl.java:790)
	at io.restassured.internal.RequestSpecificationImpl.invokeMethod(RequestSpecificationImpl.groovy)
	at org.codehaus.groovy.runtime.callsite.PogoInterceptableSite.call(PogoInterceptableSite.java:46)
	at org.codehaus.groovy.runtime.callsite.PogoInterceptableSite.callCurrent(PogoInterceptableSite.java:57)
	at org.codehaus.groovy.runtime.callsite.AbstractCallSite.callCurrent(AbstractCallSite.java:203)
	at io.restassured.internal.RequestSpecificationImpl.post(RequestSpecificationImpl.groovy:176)
	at io.restassured.internal.RequestSpecificationImpl.post(RequestSpecificationImpl.groovy)
	at steps.EmployeeFormSteps.iSubmitEmployeeFormWithTheFollowingData(EmployeeFormSteps.java:64)
	at ✽.I submit employee form with the following data:(classpath:features/employee_form.feature:112)

[ERROR] Errors: 
[ERROR]   Connection refused
[ERROR]   Connection refused
[ERROR]   Connection refused
[ERROR]   Connection refused
[ERROR]   Connection refused
[ERROR]   Connection refused
[ERROR]   Connection refused
[ERROR]   Connection refused
[ERROR]   Connection refused
[ERROR]   Connection refused
[ERROR]   Connection refused
[ERROR]   Connection refused
[ERROR]   Connection refused
[ERROR]   Connection refused
[ERROR]   AuthenticationApiTest.testAccessProtectedEndpointWithoutToken:214 » Connect Connection refused
[ERROR]   AuthenticationApiTest.testLoginWithInvalidCredentials:170 » Connect Connection refused
[ERROR]   AuthenticationApiTest.testUserLogin:103 » Connect Connection refused
[ERROR]   AuthenticationApiTest.testUserRegistration:56 » Connect Connection refused
[ERROR]   EmployeeSimpleApiTest.addEmployee_shouldReturn200or201:34 » Connect Connection refused
[ERROR] Tests run: 30, Failures: 0, Errors: 19, Skipped: 0
[ERROR] Failed to execute goal org.apache.maven.plugins:maven-surefire-plugin:3.2.5:test (default-test) on project SpringMvcHelloWorld: 
[ERROR] 
[ERROR] Please refer to /Users/abiralkhanal/Documents/SpringMvcHelloWorld/target/surefire-reports for the individual test results.
[ERROR] Please refer to dump files (if any exist) [date].dump, [date]-jvmRun[N].dump and [date].dumpstream.
[ERROR] -> [Help 1]
[ERROR] 
[ERROR] To see the full stack trace of the errors, re-run Maven with the -e switch.
[ERROR] Re-run Maven using the -X switch to enable full debug logging.
[ERROR] 
[ERROR] For more information about the errors and possible solutions, please read the following articles:
[ERROR] [Help 1] http://cwiki.apache.org/confluence/display/MAVEN/MojoFailureException
[0;31m❌ Build failed![0m
